"id","name","pokemonBase","tipo1","tipo2","ps","ataque","defensa","ataqueEsp","defensaEsp","velocidad","sprite","slug"
"abomasnow","Abomasnow","Abomasnow","Planta","Hielo","90","92","75","92","85","60","https://images.wikidexcdn.net/mwuploads/wikidex/thumb/3/33/latest/20251020085001/Tipo_normal_LPZA.png/75px-Tipo_normal_LPZA.png","Abomasnow"
"Mega-Abomasnow","Mega-Abomasnow","Abomasnow","Planta","Hielo","90","132","105","132","105","30","https://images.wikidexcdn.net/mwuploads/wikidex/thumb/3/33/latest/20251020085001/Tipo_normal_LPZA.png/75px-Tipo_normal_LPZA.png","Abomasnow"
"abra","Abra","Abra","Psíquico",,"25","20","15","105","55","90","https://images.wikidexcdn.net/mwuploads/wikidex/3/38/latest/20260306153303/Segunda_generaci%C3%B3n.svg","Abra"
"absol","Absol","Absol","Siniestro",,"65","130","60","75","60","75","https://images.wikidexcdn.net/mwuploads/wikidex/thumb/3/33/latest/20251020085001/Tipo_normal_LPZA.png/75px-Tipo_normal_LPZA.png","Absol"
"Mega-Absol","Mega-Absol","Absol","Siniestro",,"65","150","60","115","60","115","https://images.wikidexcdn.net/mwuploads/wikidex/thumb/3/33/latest/20251020085001/Tipo_normal_LPZA.png/75px-Tipo_normal_LPZA.png","Absol"
"Mega-Absol Z","Mega-Absol Z","Absol","Siniestro","Fantasma","65","154","60","75","60","151","https://images.wikidexcdn.net/mwuploads/wikidex/thumb/3/33/latest/20251020085001/Tipo_normal_LPZA.png/75px-Tipo_normal_LPZA.png","Absol"
"accelgor","Accelgor","Accelgor","Bicho",,"80","70","40","100","60","145","https://images.wikidexcdn.net/mwuploads/wikidex/9/9f/latest/20260306180702/Quinta_generaci%C3%B3n.svg","Accelgor"
"aegislash","Aegislash Forma Escudo","Aegislash","Acero","Fantasma","60","50","140","50","140","60","https://images.wikidexcdn.net/mwuploads/wikidex/thumb/3/33/latest/20251020085001/Tipo_normal_LPZA.png/75px-Tipo_normal_LPZA.png","Aegislash"
"aegislash-2","Aegislash Forma Filo","Aegislash","Acero","Fantasma","60","140","50","140","50","60","https://images.wikidexcdn.net/mwuploads/wikidex/thumb/8/86/latest/20190423163814/Aegislash.png/200px-Aegislash.png","Aegislash"
"aerodactyl","Aerodactyl","Aerodactyl","Roca","Volador","80","105","65","60","75","130","https://images.wikidexcdn.net/mwuploads/wikidex/thumb/3/33/latest/20251020085001/Tipo_normal_LPZA.png/75px-Tipo_normal_LPZA.png","Aerodactyl"
"aggron","Aggron","Aggron","Acero","Roca","70","110","180","60","60","50","https://images.wikidexcdn.net/mwuploads/wikidex/thumb/3/33/latest/20251020085001/Tipo_normal_LPZA.png/75px-Tipo_normal_LPZA.png","Aggron"
"aipom","Aipom","Aipom","Normal",,"55","70","55","40","55","85","https://images.wikidexcdn.net/mwuploads/wikidex/3/38/latest/20260306153303/Segunda_generaci%C3%B3n.svg","Aipom"
"alakazam","Alakazam","Alakazam","Psíquico",,"55","50","45","135","95","120","https://images.wikidexcdn.net/mwuploads/wikidex/thumb/3/33/latest/20251020085001/Tipo_normal_LPZA.png/75px-Tipo_normal_LPZA.png","Alakazam"
"alcremie","Alcremie","Alcremie","Hada",,"65","60","75","110","121","64","https://images.wikidexcdn.net/mwuploads/wikidex/thumb/3/33/latest/20251020085001/Tipo_normal_LPZA.png/75px-Tipo_normal_LPZA.png","Alcremie"
"alomomola","Alomomola","Alomomola","Agua",,"165","75","80","40","45","65","https://images.wikidexcdn.net/mwuploads/wikidex/thumb/b/ba/latest/20251020084937/Tipo_ps%C3%ADquico_LPZA.png/80px-Tipo_ps%C3%ADquico_LPZA.png","Alomomola"
"altaria","Altaria","Altaria","Dragón","Volador","75","70","90","70","105","80","https://images.wikidexcdn.net/mwuploads/wikidex/thumb/3/33/latest/20251020085001/Tipo_normal_LPZA.png/75px-Tipo_normal_LPZA.png","Altaria"
"Mega-Altaria","Mega-Altaria","Altaria","Dragón","Hada","75","110","110","110","105","80","https://images.wikidexcdn.net/mwuploads/wikidex/thumb/3/33/latest/20251020085001/Tipo_normal_LPZA.png/75px-Tipo_normal_LPZA.png","Altaria"
"amaura","Amaura","Amaura","Roca","Hielo","77","59","50","67","63","46","https://images.wikidexcdn.net/mwuploads/wikidex/9/9e/latest/20260306153505/Sexta_generaci%C3%B3n.svg","Amaura"
"ambipom","Ambipom","Ambipom","Normal",,"75","100","66","60","66","115","https://images.wikidexcdn.net/mwuploads/wikidex/thumb/b/ba/latest/20251020084937/Tipo_ps%C3%ADquico_LPZA.png/80px-Tipo_ps%C3%ADquico_LPZA.png","Ambipom"
"amoonguss","Amoonguss","Amoonguss","Planta","Veneno","114","85","70","85","80","30","https://images.wikidexcdn.net/mwuploads/wikidex/9/9f/latest/20260306180702/Quinta_generaci%C3%B3n.svg","Amoonguss"
"ampharos","Ampharos","Ampharos","Eléctrico",,"90","75","85","115","90","55","https://images.wikidexcdn.net/mwuploads/wikidex/thumb/3/33/latest/20251020085001/Tipo_normal_LPZA.png/75px-Tipo_normal_LPZA.png","Ampharos"
"annihilape","Annihilape","Annihilape","Lucha","Fantasma","110","115","80","50","90","90","https://images.wikidexcdn.net/mwuploads/wikidex/thumb/3/33/latest/20251020085001/Tipo_normal_LPZA.png/75px-Tipo_normal_LPZA.png","Annihilape"
"anorith","Anorith","Anorith","Roca","Bicho","45","95","50","40","50","75","https://images.wikidexcdn.net/mwuploads/wikidex/4/4a/latest/20260306153335/Tercera_generaci%C3%B3n.svg","Anorith"
"appletun","Appletun","Appletun","Planta","Dragón","110","85","80","100","80","30","https://images.wikidexcdn.net/mwuploads/wikidex/thumb/3/33/latest/20251020085001/Tipo_normal_LPZA.png/75px-Tipo_normal_LPZA.png","Appletun"
"applin","Applin","Applin","Planta","Dragón","40","40","80","40","40","20","https://images.wikidexcdn.net/mwuploads/wikidex/4/4b/latest/20260306153545/Octava_generaci%C3%B3n.svg","Applin"
"araquanid","Araquanid","Araquanid","Agua","Bicho","68","70","92","50","132","42","https://images.wikidexcdn.net/mwuploads/wikidex/thumb/3/33/latest/20251020085001/Tipo_normal_LPZA.png/75px-Tipo_normal_LPZA.png","Araquanid"
"arbok","Arbok","Arbok","Veneno",,"60","95","69","65","79","80","https://images.wikidexcdn.net/mwuploads/wikidex/thumb/3/33/latest/20251020085001/Tipo_normal_LPZA.png/75px-Tipo_normal_LPZA.png","Arbok"
"arboliva","Arboliva","Arboliva","Planta","Normal","78","69","90","125","109","39","https://images.wikidexcdn.net/mwuploads/wikidex/thumb/9/97/latest/20221208180633/Tipo_hada_EP.png/90px-Tipo_hada_EP.png","Arboliva"
"arcanine","Arcanine","Arcanine","Fuego",,"90","110","80","100","80","95","https://images.wikidexcdn.net/mwuploads/wikidex/thumb/3/33/latest/20251020085001/Tipo_normal_LPZA.png/75px-Tipo_normal_LPZA.png","Arcanine"
"arcanine-de-hisui","Arcanine de Hisui","Arcanine","Fuego","Roca","95","115","80","95","80","90","https://images.wikidexcdn.net/mwuploads/wikidex/thumb/3/33/latest/20251020085001/Tipo_normal_LPZA.png/75px-Tipo_normal_LPZA.png","Arcanine_de_Hisui"
"arceus","Arceus","Arceus","Normal",,"120","120","120","120","120","120","https://images.wikidexcdn.net/mwuploads/wikidex/thumb/3/3b/latest/20251020084947/Tipo_drag%C3%B3n_LPZA.png/80px-Tipo_drag%C3%B3n_LPZA.png","Arceus"
"archaludon","Archaludon","Archaludon","Acero","Dragón","90","105","130","125","65","85","https://images.wikidexcdn.net/mwuploads/wikidex/thumb/3/33/latest/20251020085001/Tipo_normal_LPZA.png/75px-Tipo_normal_LPZA.png","Archaludon"
"archen","Archen","Archen","Roca","Volador","55","112","45","74","45","70","https://images.wikidexcdn.net/mwuploads/wikidex/9/9f/latest/20260306180702/Quinta_generaci%C3%B3n.svg","Archen"
"archeops","Archeops","Archeops","Roca","Volador","75","140","65","112","65","110","https://images.wikidexcdn.net/mwuploads/wikidex/9/9f/latest/20260306180702/Quinta_generaci%C3%B3n.svg","Archeops"
"arctibax","Arctibax","Arctibax","Dragón","Hielo","90","95","66","45","65","62","https://images.wikidexcdn.net/mwuploads/wikidex/thumb/3/3b/latest/20251020084947/Tipo_drag%C3%B3n_LPZA.png/75px-Tipo_drag%C3%B3n_LPZA.png","Arctibax"
"arctovish","Arctovish","Arctovish","Agua","Hielo","90","90","100","80","90","55","https://images.wikidexcdn.net/mwuploads/wikidex/4/4b/latest/20260306153545/Octava_generaci%C3%B3n.svg","Arctovish"
"arctozolt","Arctozolt","Arctozolt","Eléctrico","Hielo","90","100","90","90","80","55","https://images.wikidexcdn.net/mwuploads/wikidex/4/4b/latest/20260306153545/Octava_generaci%C3%B3n.svg","Arctozolt"
"ariados","Ariados","Ariados","Bicho","Veneno","70","90","70","60","70","40","https://images.wikidexcdn.net/mwuploads/wikidex/thumb/3/33/latest/20251020085001/Tipo_normal_LPZA.png/75px-Tipo_normal_LPZA.png","Ariados"
"armaldo","Armaldo","Armaldo","Roca","Bicho","75","125","100","70","80","45","https://images.wikidexcdn.net/mwuploads/wikidex/thumb/2/2e/latest/20251020124236/Tipo_pelea_LPZA.png/80px-Tipo_pelea_LPZA.png","Armaldo"
"armarouge","Armarouge","Armarouge","Fuego","Psíquico","85","60","100","125","80","75","https://images.wikidexcdn.net/mwuploads/wikidex/thumb/3/33/latest/20251020085001/Tipo_normal_LPZA.png/75px-Tipo_normal_LPZA.png","Armarouge"
"aromatisse","Aromatisse","Aromatisse","Hada",,"101","72","72","99","89","29","https://images.wikidexcdn.net/mwuploads/wikidex/thumb/3/33/latest/20251020085001/Tipo_normal_LPZA.png/75px-Tipo_normal_LPZA.png","Aromatisse"
"aron","Aron","Aron","Acero","Roca","50","70","100","40","40","30","https://images.wikidexcdn.net/mwuploads/wikidex/4/4a/latest/20260306153335/Tercera_generaci%C3%B3n.svg","Aron"
"arrokuda","Arrokuda","Arrokuda","Agua",,"41","63","40","40","30","66","https://images.wikidexcdn.net/mwuploads/wikidex/4/4b/latest/20260306153545/Octava_generaci%C3%B3n.svg","Arrokuda"
"articuno","Articuno","Articuno","Hielo","Volador","90","85","100","95","125","85","https://images.wikidexcdn.net/mwuploads/wikidex/thumb/b/ba/latest/20251020084937/Tipo_ps%C3%ADquico_LPZA.png/80px-Tipo_ps%C3%ADquico_LPZA.png","Articuno"
"articuno-de-galar","Articuno de Galar","Articuno","Psíquico","Volador","90","85","85","125","100","95","https://images.wikidexcdn.net/mwuploads/wikidex/4/4b/latest/20260306153545/Octava_generaci%C3%B3n.svg","Articuno_de_Galar"
"audino","Audino","Audino","Normal",,"103","60","86","60","86","50","https://images.wikidexcdn.net/mwuploads/wikidex/thumb/3/33/latest/20251020085001/Tipo_normal_LPZA.png/75px-Tipo_normal_LPZA.png","Audino"
"Mega Audino","Mega Audino","Audino","Normal","Hada","103","60","126","80","126","50","https://images.wikidexcdn.net/mwuploads/wikidex/thumb/3/33/latest/20251020085001/Tipo_normal_LPZA.png/75px-Tipo_normal_LPZA.png","Audino"
"aurorus","Aurorus","Aurorus","Roca","Hielo","123","77","72","99","92","58","https://images.wikidexcdn.net/mwuploads/wikidex/thumb/3/33/latest/20251020085001/Tipo_normal_LPZA.png/75px-Tipo_normal_LPZA.png","Aurorus"
"avalugg","Avalugg","Avalugg","Hielo",,"95","117","184","44","46","28","https://images.wikidexcdn.net/mwuploads/wikidex/thumb/3/33/latest/20251020085001/Tipo_normal_LPZA.png/75px-Tipo_normal_LPZA.png","Avalugg"
"avalugg-de-hisui","Avalugg de Hisui","Avalugg","Hielo","Roca","95","127","184","34","36","38","https://images.wikidexcdn.net/mwuploads/wikidex/thumb/3/33/latest/20251020085001/Tipo_normal_LPZA.png/75px-Tipo_normal_LPZA.png","Avalugg_de_Hisui"
"axew","Axew","Axew","Dragón",,"46","87","60","30","40","57","https://images.wikidexcdn.net/mwuploads/wikidex/thumb/2/2e/latest/20251020124236/Tipo_pelea_LPZA.png/80px-Tipo_pelea_LPZA.png","Axew"
"azelf","Azelf","Azelf","Psíquico",,"75","125","70","125","70","115","https://images.wikidexcdn.net/mwuploads/wikidex/thumb/3/33/latest/20251020085001/Tipo_normal_LPZA.png/80px-Tipo_normal_LPZA.png","Azelf"
"azumarill","Azumarill","Azumarill","Agua","Hada","100","50","80","60","80","50","https://images.wikidexcdn.net/mwuploads/wikidex/thumb/3/33/latest/20251020085001/Tipo_normal_LPZA.png/75px-Tipo_normal_LPZA.png","Azumarill"
"azurill","Azurill","Azurill","Normal","Hada","50","20","40","20","40","20","https://images.wikidexcdn.net/mwuploads/wikidex/4/4a/latest/20260306153335/Tercera_generaci%C3%B3n.svg","Azurill"
"bagon","Bagon","Bagon","Dragón",,"45","75","60","40","30","50","https://images.wikidexcdn.net/mwuploads/wikidex/thumb/3/3b/latest/20251020084947/Tipo_drag%C3%B3n_LPZA.png/80px-Tipo_drag%C3%B3n_LPZA.png","Bagon"
"baltoy","Baltoy","Baltoy","Tierra","Psíquico","40","40","55","40","70","55","https://images.wikidexcdn.net/mwuploads/wikidex/thumb/3/33/latest/20251020085001/Tipo_normal_LPZA.png/80px-Tipo_normal_LPZA.png","Baltoy"
"banette","Banette","Banette","Fantasma",,"64","115","65","83","63","65","https://images.wikidexcdn.net/mwuploads/wikidex/thumb/3/33/latest/20251020085001/Tipo_normal_LPZA.png/75px-Tipo_normal_LPZA.png","Banette"
"Mega-Banette","Mega-Banette","Banette","Fantasma",,"64","165","75","93","83","75","https://images.wikidexcdn.net/mwuploads/wikidex/thumb/3/33/latest/20251020085001/Tipo_normal_LPZA.png/75px-Tipo_normal_LPZA.png","Banette"
"barbaracle","Barbaracle","Barbaracle","Roca","Agua","72","105","115","54","86","68","https://images.wikidexcdn.net/mwuploads/wikidex/thumb/3/33/latest/20251020085001/Tipo_normal_LPZA.png/75px-Tipo_normal_LPZA.png","Barbaracle"
"barboach","Barboach","Barboach","Agua","Tierra","50","48","43","46","41","60","https://images.wikidexcdn.net/mwuploads/wikidex/thumb/c/c6/latest/20251020084932/Tipo_el%C3%A9ctrico_LPZA.png/80px-Tipo_el%C3%A9ctrico_LPZA.png","Barboach"
"barraskewda","Barraskewda","Barraskewda","Agua",,"61","123","60","60","50","136","https://images.wikidexcdn.net/mwuploads/wikidex/4/4b/latest/20260306153545/Octava_generaci%C3%B3n.svg","Barraskewda"
"basculegion-hembra","Basculegion hembra","Basculegion","Agua","Fantasma","120","92","65","100","75","78","https://images.wikidexcdn.net/mwuploads/wikidex/thumb/3/33/latest/20251020085001/Tipo_normal_LPZA.png/75px-Tipo_normal_LPZA.png","Basculegion"
"basculegion-macho","Basculegion macho","Basculegion","Agua","Fantasma","120","112","65","80","75","78","https://images.wikidexcdn.net/mwuploads/wikidex/thumb/3/33/latest/20251020085001/Tipo_normal_LPZA.png/75px-Tipo_normal_LPZA.png","Basculegion"
"basculin","Basculin","Basculin","Agua",,"70","92","65","80","55","98","https://images.wikidexcdn.net/mwuploads/wikidex/8/8c/latest/20260306153605/Novena_generaci%C3%B3n.svg","Basculin"
"bastiodon","Bastiodon","Bastiodon","Roca","Acero","60","52","168","47","138","30","https://images.wikidexcdn.net/mwuploads/wikidex/thumb/3/33/latest/20251020085001/Tipo_normal_LPZA.png/75px-Tipo_normal_LPZA.png","Bastiodon"
"baxcalibur","Baxcalibur","Baxcalibur","Dragón","Hielo","115","145","92","75","86","87","https://images.wikidexcdn.net/mwuploads/wikidex/thumb/3/3b/latest/20251020084947/Tipo_drag%C3%B3n_LPZA.png/75px-Tipo_drag%C3%B3n_LPZA.png","Baxcalibur"
"Mega-Baxcalibur","Mega-Baxcalibur","Baxcalibur","Dragón","Hielo","115","175","117","105","101","87","https://images.wikidexcdn.net/mwuploads/wikidex/thumb/3/3b/latest/20251020084947/Tipo_drag%C3%B3n_LPZA.png/75px-Tipo_drag%C3%B3n_LPZA.png","Baxcalibur"
"bayleef","Bayleef","Bayleef","Planta",,"60","62","80","63","80","60","https://images.wikidexcdn.net/mwuploads/wikidex/thumb/2/2e/latest/20251020124236/Tipo_pelea_LPZA.png/80px-Tipo_pelea_LPZA.png","Bayleef"
"beartic","Beartic","Beartic","Hielo",,"95","130","80","70","80","50","https://images.wikidexcdn.net/mwuploads/wikidex/thumb/3/33/latest/20251020085001/Tipo_normal_LPZA.png/75px-Tipo_normal_LPZA.png","Beartic"
"beautifly","Beautifly","Beautifly","Bicho","Volador","60","70","50","100","50","65","https://images.wikidexcdn.net/mwuploads/wikidex/thumb/3/33/latest/20251020085001/Tipo_normal_LPZA.png/80px-Tipo_normal_LPZA.png","Beautifly"
"beedrill","Beedrill","Beedrill","Bicho","Veneno","65","90","40","45","80","75","https://images.wikidexcdn.net/mwuploads/wikidex/thumb/3/33/latest/20251020085001/Tipo_normal_LPZA.png/75px-Tipo_normal_LPZA.png","Beedrill"
"beheeyem","Beheeyem","Beheeyem","Psíquico",,"75","75","75","125","95","40","https://images.wikidexcdn.net/mwuploads/wikidex/9/9f/latest/20260306180702/Quinta_generaci%C3%B3n.svg","Beheeyem"
"beldum","Beldum","Beldum","Acero","Psíquico","40","55","80","35","60","30","https://images.wikidexcdn.net/mwuploads/wikidex/thumb/b/b9/latest/20200214185845/Beldum_HOME_variocolor.png/100px-Beldum_HOME_variocolor.png","Beldum"
"bellibolt","Bellibolt","Bellibolt","Eléctrico",,"109","64","91","103","83","45","https://images.wikidexcdn.net/mwuploads/wikidex/thumb/3/33/latest/20251020085001/Tipo_normal_LPZA.png/75px-Tipo_normal_LPZA.png","Bellibolt"
"bellossom","Bellossom","Bellossom","Planta",,"75","80","95","90","100","50","https://images.wikidexcdn.net/mwuploads/wikidex/thumb/3/33/latest/20251020085001/Tipo_normal_LPZA.png/80px-Tipo_normal_LPZA.png","Bellossom"
"bellsprout","Bellsprout","Bellsprout","Planta","Veneno","50","75","35","70","30","40","https://images.wikidexcdn.net/mwuploads/wikidex/thumb/3/33/latest/20251020085001/Tipo_normal_LPZA.png/80px-Tipo_normal_LPZA.png","Bellsprout"
"bergmite","Bergmite","Bergmite","Hielo",,"55","69","85","32","35","28","https://images.wikidexcdn.net/mwuploads/wikidex/9/9e/latest/20260306153505/Sexta_generaci%C3%B3n.svg","Bergmite"
"bewear","Bewear","Bewear","Normal","Lucha","120","125","80","55","60","60","https://images.wikidexcdn.net/mwuploads/wikidex/a/a6/latest/20260306153527/S%C3%A9ptima_generaci%C3%B3n.svg","Bewear"
"bibarel","Bibarel","Bibarel","Normal","Agua","79","85","60","55","60","71","https://images.wikidexcdn.net/mwuploads/wikidex/thumb/9/97/latest/20251020084923/Tipo_agua_LPZA.png/80px-Tipo_agua_LPZA.png","Bibarel"
"bidoof","Bidoof","Bidoof","Normal",,"59","45","40","35","40","31","https://images.wikidexcdn.net/mwuploads/wikidex/thumb/9/97/latest/20251020084923/Tipo_agua_LPZA.png/80px-Tipo_agua_LPZA.png","Bidoof"
"binacle","Binacle","Binacle","Roca","Agua","42","52","67","39","56","50","https://images.wikidexcdn.net/mwuploads/wikidex/9/9e/latest/20260306153505/Sexta_generaci%C3%B3n.svg","Binacle"
"bisharp","Bisharp","Bisharp","Siniestro","Acero","65","125","100","60","70","70","https://images.wikidexcdn.net/mwuploads/wikidex/9/9f/latest/20260306180702/Quinta_generaci%C3%B3n.svg","Bisharp"
"blacephalon","Blacephalon","Blacephalon","Fuego","Fantasma","53","127","53","151","79","107","https://images.wikidexcdn.net/mwuploads/wikidex/a/a6/latest/20260306153527/S%C3%A9ptima_generaci%C3%B3n.svg","Blacephalon"
"blastoise","Blastoise","Blastoise","Agua",,"79","83","100","85","105","78","https://images.wikidexcdn.net/mwuploads/wikidex/thumb/3/33/latest/20251020085001/Tipo_normal_LPZA.png/75px-Tipo_normal_LPZA.png","Blastoise"
"blaziken","Blaziken","Blaziken","Fuego","Lucha","80","120","70","110","70","80","https://images.wikidexcdn.net/mwuploads/wikidex/thumb/3/33/latest/20251020085001/Tipo_normal_LPZA.png/75px-Tipo_normal_LPZA.png","Blaziken"
"blipbug","Blipbug","Blipbug","Bicho",,"25","20","20","25","45","45","https://images.wikidexcdn.net/mwuploads/wikidex/4/4b/latest/20260306153545/Octava_generaci%C3%B3n.svg","Blipbug"
"blissey","Blissey","Blissey","Normal",,"255","10","10","75","135","55","https://images.wikidexcdn.net/mwuploads/wikidex/thumb/3/33/latest/20251020085001/Tipo_normal_LPZA.png/80px-Tipo_normal_LPZA.png","Blissey"
"blitzle","Blitzle","Blitzle","Eléctrico",,"45","60","32","50","32","76","https://images.wikidexcdn.net/mwuploads/wikidex/9/9f/latest/20260306180702/Quinta_generaci%C3%B3n.svg","Blitzle"
"boldore","Boldore","Boldore","Roca",,"70","105","105","50","40","20","https://images.wikidexcdn.net/mwuploads/wikidex/thumb/4/46/latest/20251020084914/Tipo_acero_LPZA.png/80px-Tipo_acero_LPZA.png","Boldore"
"boltund","Boltund","Boltund","Eléctrico",,"69","90","60","90","60","121","https://images.wikidexcdn.net/mwuploads/wikidex/4/4b/latest/20260306153545/Octava_generaci%C3%B3n.svg","Boltund"
"bombirdier","Bombirdier","Bombirdier","Volador","Siniestro","70","103","85","60","85","82","https://images.wikidexcdn.net/mwuploads/wikidex/8/8c/latest/20260306153605/Novena_generaci%C3%B3n.svg","Bombirdier"
"bonsly","Bonsly","Bonsly","Roca",,"50","80","95","10","45","10","https://images.wikidexcdn.net/mwuploads/wikidex/5/5a/latest/20260306180611/Cuarta_generaci%C3%B3n.svg","Bonsly"
"bouffalant","Bouffalant","Bouffalant","Normal",,"95","110","95","40","95","55","https://images.wikidexcdn.net/mwuploads/wikidex/9/9f/latest/20260306180702/Quinta_generaci%C3%B3n.svg","Bouffalant"
"bounsweet","Bounsweet","Bounsweet","Planta",,"42","30","38","30","38","32","https://images.wikidexcdn.net/mwuploads/wikidex/a/a6/latest/20260306153527/S%C3%A9ptima_generaci%C3%B3n.svg","Bounsweet"
"braixen","Braixen","Braixen","Fuego",,"59","59","58","90","70","73","https://images.wikidexcdn.net/mwuploads/wikidex/9/9e/latest/20260306153505/Sexta_generaci%C3%B3n.svg","Braixen"
"bramaluna","Bramaluna","Bramaluna","Dragón","Siniestro","105","139","71","55","101","119","https://images.wikidexcdn.net/mwuploads/wikidex/thumb/9/99/latest/20221208180705/Tipo_normal_EP.png/90px-Tipo_normal_EP.png","Bramaluna"
"brambleghast","Brambleghast","Brambleghast","Planta","Fantasma","55","115","70","80","70","90","https://images.wikidexcdn.net/mwuploads/wikidex/thumb/9/99/latest/20221208180705/Tipo_normal_EP.png/90px-Tipo_normal_EP.png","Brambleghast"
"bramblin","Bramblin","Bramblin","Planta","Fantasma","40","65","30","45","35","60","https://images.wikidexcdn.net/mwuploads/wikidex/8/8c/latest/20260306153605/Novena_generaci%C3%B3n.svg","Bramblin"
"braviary","Braviary","Braviary","Normal","Volador","100","123","75","57","75","80","https://images.wikidexcdn.net/mwuploads/wikidex/9/9f/latest/20260306180702/Quinta_generaci%C3%B3n.svg","Braviary"
"braviary-de-hisui","Braviary de Hisui","Braviary","Psíquico","Volador","110","83","70","112","70","65","https://images.wikidexcdn.net/mwuploads/wikidex/thumb/4/4c/latest/20251020084900/Tipo_roca_LPZA.png/80px-Tipo_roca_LPZA.png","Braviary_de_Hisui"
"breloom","Breloom","Breloom","Planta","Lucha","60","130","80","60","60","70","https://images.wikidexcdn.net/mwuploads/wikidex/thumb/2/2e/latest/20251020124236/Tipo_pelea_LPZA.png/80px-Tipo_pelea_LPZA.png","Breloom"
"brionne","Brionne","Brionne","Agua",,"60","69","69","91","81","50","https://images.wikidexcdn.net/mwuploads/wikidex/a/a6/latest/20260306153527/S%C3%A9ptima_generaci%C3%B3n.svg","Brionne"
"bronzong","Bronzong","Bronzong","Acero","Psíquico","67","89","116","79","116","33","https://images.wikidexcdn.net/mwuploads/wikidex/thumb/4/46/latest/20251020084914/Tipo_acero_LPZA.png/80px-Tipo_acero_LPZA.png","Bronzong"
"bronzor","Bronzor","Bronzor","Acero","Psíquico","57","24","86","24","86","23","https://images.wikidexcdn.net/mwuploads/wikidex/5/5a/latest/20260306180611/Cuarta_generaci%C3%B3n.svg","Bronzor"
"bruxish","Bruxish","Bruxish","Agua","Psíquico","68","105","70","70","70","92","https://images.wikidexcdn.net/mwuploads/wikidex/a/a6/latest/20260306153527/S%C3%A9ptima_generaci%C3%B3n.svg","Bruxish"
"budew","Budew","Budew","Planta","Veneno","40","30","35","50","70","55","https://images.wikidexcdn.net/mwuploads/wikidex/5/5a/latest/20260306180611/Cuarta_generaci%C3%B3n.svg","Budew"
"buizel","Buizel","Buizel","Agua",,"55","65","35","60","30","85","https://images.wikidexcdn.net/mwuploads/wikidex/thumb/3/33/latest/20251020085001/Tipo_normal_LPZA.png/80px-Tipo_normal_LPZA.png","Buizel"
"bulbasaur","Bulbasaur","Bulbasaur","Planta","Veneno","45","49","49","65","65","45","https://images.wikidexcdn.net/mwuploads/wikidex/thumb/4/4c/latest/20251020084900/Tipo_roca_LPZA.png/80px-Tipo_roca_LPZA.png","Bulbasaur"
"buneary","Buneary","Buneary","Normal",,"55","66","44","44","56","85","https://images.wikidexcdn.net/mwuploads/wikidex/thumb/3/33/latest/20251020085001/Tipo_normal_LPZA.png/80px-Tipo_normal_LPZA.png","Buneary"
"bunnelby","Bunnelby","Bunnelby","Normal",,"38","36","38","32","36","57","https://images.wikidexcdn.net/mwuploads/wikidex/9/9e/latest/20260306153505/Sexta_generaci%C3%B3n.svg","Bunnelby"
"burmy","Burmy","Burmy","Bicho",,"40","29","45","29","45","36","https://images.wikidexcdn.net/mwuploads/wikidex/thumb/3/33/latest/20251020085001/Tipo_normal_LPZA.png/80px-Tipo_normal_LPZA.png","Burmy"
"butterfree","Butterfree","Butterfree","Bicho","Volador","60","45","50","90","80","70","https://images.wikidexcdn.net/mwuploads/wikidex/thumb/3/33/latest/20251020085001/Tipo_normal_LPZA.png/80px-Tipo_normal_LPZA.png","Butterfree"
"buzzwole","Buzzwole","Buzzwole","Bicho","Lucha","107","139","139","53","53","79","https://images.wikidexcdn.net/mwuploads/wikidex/a/a6/latest/20260306153527/S%C3%A9ptima_generaci%C3%B3n.svg","Buzzwole"
"cacnea","Cacnea","Cacnea","Planta",,"50","85","40","85","40","35","https://images.wikidexcdn.net/mwuploads/wikidex/thumb/c/c6/latest/20251020084932/Tipo_el%C3%A9ctrico_LPZA.png/80px-Tipo_el%C3%A9ctrico_LPZA.png","Cacnea"
"cacturne","Cacturne","Cacturne","Planta","Siniestro","70","115","60","115","60","55","https://images.wikidexcdn.net/mwuploads/wikidex/4/4a/latest/20260306153335/Tercera_generaci%C3%B3n.svg","Cacturne"
"calyrex","Calyrex","Calyrex","Psíquico","Planta","100","80","80","80","80","80","https://images.wikidexcdn.net/mwuploads/wikidex/thumb/b/ba/latest/20251020084937/Tipo_ps%C3%ADquico_LPZA.png/80px-Tipo_ps%C3%ADquico_LPZA.png","Calyrex"
"calyrex-jinete-espectral","Calyrex jinete espectral","Calyrex","Psíquico","Planta","100","85","80","165","100","150","https://images.wikidexcdn.net/mwuploads/wikidex/thumb/2/2e/latest/20240117214908/Calyrex.png/200px-Calyrex.png","Calyrex"
"calyrex-jinete-glacial","Calyrex jinete glacial","Calyrex","Psíquico","Planta","100","165","150","85","130","50","https://images.wikidexcdn.net/mwuploads/wikidex/thumb/b/ba/latest/20251020084937/Tipo_ps%C3%ADquico_LPZA.png/80px-Tipo_ps%C3%ADquico_LPZA.png","Calyrex"
"camerupt","Camerupt","Camerupt","Fuego","Tierra","70","100","70","105","75","40","https://images.wikidexcdn.net/mwuploads/wikidex/thumb/3/33/latest/20251020085001/Tipo_normal_LPZA.png/75px-Tipo_normal_LPZA.png","Camerupt"
"Mega-Camerupt","Mega-Camerupt","Camerupt","Fuego","Tierra","70","120","100","145","105","20","https://images.wikidexcdn.net/mwuploads/wikidex/thumb/3/33/latest/20251020085001/Tipo_normal_LPZA.png/75px-Tipo_normal_LPZA.png","Camerupt"
"capsakid","Capsakid","Capsakid","Planta",,"50","62","40","62","40","50","https://images.wikidexcdn.net/mwuploads/wikidex/8/8c/latest/20260306153605/Novena_generaci%C3%B3n.svg","Capsakid"
"cara-de-hielo","Cara de hielo","Eiscue","Hielo",,"75","80","110","65","90","50","https://images.wikidexcdn.net/mwuploads/wikidex/4/4b/latest/20260306153545/Octava_generaci%C3%B3n.svg","Eiscue"
"cara-deshielo","Cara deshielo","Eiscue","Hielo",,"75","80","70","65","50","130","https://images.wikidexcdn.net/mwuploads/wikidex/4/4b/latest/20260306153545/Octava_generaci%C3%B3n.svg","Eiscue"
"carbink","Carbink","Carbink","Roca","Hada","50","50","150","50","150","50","https://images.wikidexcdn.net/mwuploads/wikidex/9/9e/latest/20260306153505/Sexta_generaci%C3%B3n.svg","Carbink"
"carkol","Carkol","Carkol","Roca","Fuego","80","60","90","60","70","50","https://images.wikidexcdn.net/mwuploads/wikidex/4/4b/latest/20260306153545/Octava_generaci%C3%B3n.svg","Carkol"
"carnivine","Carnivine","Carnivine","Planta",,"74","100","72","90","72","46","https://images.wikidexcdn.net/mwuploads/wikidex/thumb/7/71/latest/20251020124243/Tipo_insecto_LPZA.png/80px-Tipo_insecto_LPZA.png","Carnivine"
"carracosta","Carracosta","Carracosta","Agua","Roca","74","108","133","83","65","32","https://images.wikidexcdn.net/mwuploads/wikidex/9/9f/latest/20260306180702/Quinta_generaci%C3%B3n.svg","Carracosta"
"carvanha","Carvanha","Carvanha","Agua","Siniestro","45","90","20","65","20","65","https://images.wikidexcdn.net/mwuploads/wikidex/thumb/3/33/latest/20251020085001/Tipo_normal_LPZA.png/80px-Tipo_normal_LPZA.png","Carvanha"
"cascoon","Cascoon","Cascoon","Bicho",,"50","35","55","25","25","15","https://images.wikidexcdn.net/mwuploads/wikidex/thumb/4/46/latest/20251020084914/Tipo_acero_LPZA.png/80px-Tipo_acero_LPZA.png","Cascoon"
"castform","Castform","Castform","Normal",,"70","70","70","70","70","70","https://images.wikidexcdn.net/mwuploads/wikidex/thumb/3/33/latest/20251020085001/Tipo_normal_LPZA.png/75px-Tipo_normal_LPZA.png","Castform"
"caterpie","Caterpie","Caterpie","Bicho",,"45","30","35","20","20","45","https://images.wikidexcdn.net/mwuploads/wikidex/5/5a/latest/20260306180611/Cuarta_generaci%C3%B3n.svg","Caterpie"
"celebi","Celebi","Celebi","Psíquico","Planta","100","100","100","100","100","100","https://images.wikidexcdn.net/mwuploads/wikidex/thumb/5/5e/latest/20251020084951/Tipo_siniestro_LPZA.png/80px-Tipo_siniestro_LPZA.png","Celebi"
"celesteela","Celesteela","Celesteela","Acero","Volador","97","101","103","107","101","61","https://images.wikidexcdn.net/mwuploads/wikidex/a/a6/latest/20260306153527/S%C3%A9ptima_generaci%C3%B3n.svg","Celesteela"
"centiskorch","Centiskorch","Centiskorch","Fuego","Bicho","100","115","65","90","90","65","https://images.wikidexcdn.net/mwuploads/wikidex/thumb/e/e4/latest/20251020084855/Tipo_tierra_LPZA.png/80px-Tipo_tierra_LPZA.png","Centiskorch"
"ceruledge","Ceruledge","Ceruledge","Fuego","Fantasma","75","125","80","60","100","85","https://images.wikidexcdn.net/mwuploads/wikidex/thumb/3/33/latest/20251020085001/Tipo_normal_LPZA.png/75px-Tipo_normal_LPZA.png","Ceruledge"
"cetitan","Cetitan","Cetitan","Hielo",,"170","113","65","45","55","73","https://images.wikidexcdn.net/mwuploads/wikidex/thumb/9/99/latest/20221208180705/Tipo_normal_EP.png/90px-Tipo_normal_EP.png","Cetitan"
"cetoddle","Cetoddle","Cetoddle","Hielo",,"108","68","45","30","40","43","https://images.wikidexcdn.net/mwuploads/wikidex/8/8c/latest/20260306153605/Novena_generaci%C3%B3n.svg","Cetoddle"
"chandelure","Chandelure","Chandelure","Fantasma","Fuego","60","55","90","145","90","80","https://images.wikidexcdn.net/mwuploads/wikidex/thumb/3/33/latest/20251020085001/Tipo_normal_LPZA.png/75px-Tipo_normal_LPZA.png","Chandelure"
"chansey","Chansey","Chansey","Normal",,"250","5","5","35","105","50","https://images.wikidexcdn.net/mwuploads/wikidex/thumb/3/33/latest/20251020085001/Tipo_normal_LPZA.png/80px-Tipo_normal_LPZA.png","Chansey"
"charcadet","Charcadet","Charcadet","Fuego",,"40","50","40","50","40","35","https://images.wikidexcdn.net/mwuploads/wikidex/8/8c/latest/20260306153605/Novena_generaci%C3%B3n.svg","Charcadet"
"charizard","Charizard","Charizard","Fuego","Volador","78","84","78","109","85","100","https://images.wikidexcdn.net/mwuploads/wikidex/thumb/3/33/latest/20251020085001/Tipo_normal_LPZA.png/75px-Tipo_normal_LPZA.png","Charizard"
"charjabug","Charjabug","Charjabug","Bicho","Eléctrico","57","82","95","55","75","36","https://images.wikidexcdn.net/mwuploads/wikidex/a/a6/latest/20260306153527/S%C3%A9ptima_generaci%C3%B3n.svg","Charjabug"
"charmander","Charmander","Charmander","Fuego",,"39","52","43","60","50","65","https://images.wikidexcdn.net/mwuploads/wikidex/thumb/5/5e/latest/20251020084951/Tipo_siniestro_LPZA.png/80px-Tipo_siniestro_LPZA.png","Charmander"
"charmeleon","Charmeleon","Charmeleon","Fuego",,"58","64","58","80","65","80","https://images.wikidexcdn.net/mwuploads/wikidex/3/38/latest/20260306153303/Segunda_generaci%C3%B3n.svg","Charmeleon"
"chatot","Chatot","Chatot","Normal","Volador","76","65","45","92","42","91","https://images.wikidexcdn.net/mwuploads/wikidex/thumb/c/cc/latest/20251020084843/Tipo_volador_LPZA.png/80px-Tipo_volador_LPZA.png","Chatot"
"cherrim","Cherrim","Cherrim","Planta",,"70","60","70","87","78","85","https://images.wikidexcdn.net/mwuploads/wikidex/thumb/7/7b/latest/20251020084928/Tipo_planta_LPZA.png/80px-Tipo_planta_LPZA.png","Cherrim"
"cherubi","Cherubi","Cherubi","Planta",,"45","35","45","62","53","35","https://images.wikidexcdn.net/mwuploads/wikidex/5/5a/latest/20260306180611/Cuarta_generaci%C3%B3n.svg","Cherubi"
"chesnaught","Chesnaught","Chesnaught","Planta","Lucha","88","107","122","74","75","64","https://images.wikidexcdn.net/mwuploads/wikidex/thumb/3/33/latest/20251020085001/Tipo_normal_LPZA.png/75px-Tipo_normal_LPZA.png","Chesnaught"
"chespin","Chespin","Chespin","Planta",,"56","61","65","48","45","38","https://images.wikidexcdn.net/mwuploads/wikidex/9/9e/latest/20260306153505/Sexta_generaci%C3%B3n.svg","Chespin"
"chewtle","Chewtle","Chewtle","Agua",,"50","64","50","38","38","44","https://images.wikidexcdn.net/mwuploads/wikidex/4/4b/latest/20260306153545/Octava_generaci%C3%B3n.svg","Chewtle"
"chi-yu","Chi-Yu","Chi-Yu","Siniestro","Fuego","55","80","80","135","120","100","https://images.wikidexcdn.net/mwuploads/wikidex/thumb/9/99/latest/20221208180705/Tipo_normal_EP.png/90px-Tipo_normal_EP.png","Chi-Yu"
"chien-pao","Chien-Pao","Chien-Pao","Siniestro","Hielo","80","120","80","90","65","135","https://images.wikidexcdn.net/mwuploads/wikidex/thumb/9/99/latest/20221208180705/Tipo_normal_EP.png/90px-Tipo_normal_EP.png","Chien-Pao"
"chikorita","Chikorita","Chikorita","Planta",,"45","49","65","49","65","45","https://images.wikidexcdn.net/mwuploads/wikidex/thumb/7/7b/latest/20251020084928/Tipo_planta_LPZA.png/80px-Tipo_planta_LPZA.png","Chikorita"
"chimchar","Chimchar","Chimchar","Fuego",,"44","58","44","58","44","61","https://images.wikidexcdn.net/mwuploads/wikidex/5/5a/latest/20260306180611/Cuarta_generaci%C3%B3n.svg","Chimchar"
"chimecho","Chimecho","Chimecho","Psíquico",,"75","50","80","95","90","65","https://images.wikidexcdn.net/mwuploads/wikidex/thumb/3/33/latest/20251020085001/Tipo_normal_LPZA.png/75px-Tipo_normal_LPZA.png","Chimecho"
"chinchou","Chinchou","Chinchou","Agua","Eléctrico","75","38","38","56","56","67","https://images.wikidexcdn.net/mwuploads/wikidex/thumb/c/c6/latest/20251020084932/Tipo_el%C3%A9ctrico_LPZA.png/80px-Tipo_el%C3%A9ctrico_LPZA.png","Chinchou"
"chingling","Chingling","Chingling","Psíquico",,"45","30","50","65","50","45","https://images.wikidexcdn.net/mwuploads/wikidex/5/5a/latest/20260306180611/Cuarta_generaci%C3%B3n.svg","Chingling"
"cinccino","Cinccino","Cinccino","Normal",,"75","95","60","65","60","115","https://images.wikidexcdn.net/mwuploads/wikidex/9/9f/latest/20260306180702/Quinta_generaci%C3%B3n.svg","Cinccino"
"cinderace","Cinderace","Cinderace","Fuego",,"80","116","75","65","75","119","https://images.wikidexcdn.net/mwuploads/wikidex/7/70/latest/20260318173154/X4.svg","Cinderace"
"clamperl","Clamperl","Clamperl","Agua",,"35","64","85","74","55","32","https://images.wikidexcdn.net/mwuploads/wikidex/thumb/9/97/latest/20251020084923/Tipo_agua_LPZA.png/80px-Tipo_agua_LPZA.png","Clamperl"
"clauncher","Clauncher","Clauncher","Agua",,"50","53","62","58","63","44","https://images.wikidexcdn.net/mwuploads/wikidex/9/9e/latest/20260306153505/Sexta_generaci%C3%B3n.svg","Clauncher"
"clawitzer","Clawitzer","Clawitzer","Agua",,"71","73","88","120","89","59","https://images.wikidexcdn.net/mwuploads/wikidex/thumb/3/33/latest/20251020085001/Tipo_normal_LPZA.png/75px-Tipo_normal_LPZA.png","Clawitzer"
"claydol","Claydol","Claydol","Tierra","Psíquico","60","70","105","70","120","75","https://images.wikidexcdn.net/mwuploads/wikidex/thumb/b/ba/latest/20251020084937/Tipo_ps%C3%ADquico_LPZA.png/80px-Tipo_ps%C3%ADquico_LPZA.png","Claydol"
"clefable","Clefable","Clefable","Hada",,"95","70","73","95","90","60","https://images.wikidexcdn.net/mwuploads/wikidex/thumb/3/33/latest/20251020085001/Tipo_normal_LPZA.png/75px-Tipo_normal_LPZA.png","Clefable"
"clefairy","Clefairy","Clefairy","Hada",,"70","45","48","60","65","35","https://images.wikidexcdn.net/mwuploads/wikidex/thumb/3/33/latest/20251020085001/Tipo_normal_LPZA.png/80px-Tipo_normal_LPZA.png","Clefairy"
"cleffa","Cleffa","Cleffa","Hada",,"50","25","28","45","55","15","https://images.wikidexcdn.net/mwuploads/wikidex/thumb/3/33/latest/20251020085001/Tipo_normal_LPZA.png/80px-Tipo_normal_LPZA.png","Cleffa"
"clobbopus","Clobbopus","Clobbopus","Lucha",,"50","68","60","50","50","32","https://images.wikidexcdn.net/mwuploads/wikidex/4/4b/latest/20260306153545/Octava_generaci%C3%B3n.svg","Clobbopus"
"clodsire","Clodsire","Clodsire","Veneno","Tierra","130","75","60","45","100","20","https://images.wikidexcdn.net/mwuploads/wikidex/thumb/9/99/latest/20221208180705/Tipo_normal_EP.png/90px-Tipo_normal_EP.png","Clodsire"
"cloyster","Cloyster","Cloyster","Agua","Hielo","50","95","180","85","45","70","https://images.wikidexcdn.net/mwuploads/wikidex/3/38/latest/20260306153303/Segunda_generaci%C3%B3n.svg","Cloyster"
"coalossal","Coalossal","Coalossal","Roca","Fuego","110","80","120","80","90","30","https://images.wikidexcdn.net/mwuploads/wikidex/4/4b/latest/20260306153545/Octava_generaci%C3%B3n.svg","Coalossal"
"cobalion","Cobalion","Cobalion","Acero","Lucha","91","90","129","90","72","108","https://images.wikidexcdn.net/mwuploads/wikidex/9/9f/latest/20260306180702/Quinta_generaci%C3%B3n.svg","Cobalion"
"codigo-cero","Código Cero","Código Cero","Normal",,"95","95","95","95","95","59","https://images.wikidexcdn.net/mwuploads/wikidex/a/a6/latest/20260306153527/S%C3%A9ptima_generaci%C3%B3n.svg","Código_Cero"
"cofagrigus","Cofagrigus","Cofagrigus","Fantasma",,"58","50","145","95","105","30","https://images.wikidexcdn.net/mwuploads/wikidex/thumb/3/33/latest/20251020085001/Tipo_normal_LPZA.png/75px-Tipo_normal_LPZA.png","Cofagrigus"
"colagrito","Colagrito","Colagrito","Hada","Psíquico","115","65","99","65","115","111","https://images.wikidexcdn.net/mwuploads/wikidex/thumb/9/99/latest/20221208180705/Tipo_normal_EP.png/90px-Tipo_normal_EP.png","Colagrito"
"colmilargo","Colmilargo","Colmilargo","Tierra","Lucha","115","131","131","53","53","87","https://images.wikidexcdn.net/mwuploads/wikidex/thumb/9/99/latest/20221208180705/Tipo_normal_EP.png/90px-Tipo_normal_EP.png","Colmilargo"
"combee","Combee","Combee","Bicho","Volador","30","30","42","30","42","70","https://images.wikidexcdn.net/mwuploads/wikidex/thumb/c/cc/latest/20251020084843/Tipo_volador_LPZA.png/80px-Tipo_volador_LPZA.png","Combee"
"combusken","Combusken","Combusken","Fuego","Lucha","60","85","60","85","60","55","https://images.wikidexcdn.net/mwuploads/wikidex/thumb/2/2e/latest/20251020124236/Tipo_pelea_LPZA.png/80px-Tipo_pelea_LPZA.png","Combusken"
"comfey","Comfey","Comfey","Hada",,"51","52","90","82","110","100","https://images.wikidexcdn.net/mwuploads/wikidex/a/a6/latest/20260306153527/S%C3%A9ptima_generaci%C3%B3n.svg","Comfey"
"conkeldurr","Conkeldurr","Conkeldurr","Lucha",,"105","140","95","55","65","45","https://images.wikidexcdn.net/mwuploads/wikidex/thumb/3/33/latest/20251020085001/Tipo_normal_LPZA.png/75px-Tipo_normal_LPZA.png","Conkeldurr"
"copperajah","Copperajah","Copperajah","Acero",,"122","130","69","80","69","30","https://images.wikidexcdn.net/mwuploads/wikidex/4/4b/latest/20260306153545/Octava_generaci%C3%B3n.svg","Copperajah"
"corphish","Corphish","Corphish","Agua",,"43","80","65","50","35","35","https://images.wikidexcdn.net/mwuploads/wikidex/thumb/9/97/latest/20251020084923/Tipo_agua_LPZA.png/80px-Tipo_agua_LPZA.png","Corphish"
"corsola","Corsola","Corsola","Agua","Roca","65","55","95","65","95","35","https://images.wikidexcdn.net/mwuploads/wikidex/thumb/8/89/latest/20251020084910/Tipo_fantasma_LPZA.png/80px-Tipo_fantasma_LPZA.png","Corsola"
"corsola-de-galar","Corsola de Galar","Corsola","Fantasma",,"60","55","100","65","100","30","https://images.wikidexcdn.net/mwuploads/wikidex/4/4b/latest/20260306153545/Octava_generaci%C3%B3n.svg","Corsola_de_Galar"
"corviknight","Corviknight","Corviknight","Volador","Acero","98","87","105","53","85","67","https://images.wikidexcdn.net/mwuploads/wikidex/thumb/3/33/latest/20251020085001/Tipo_normal_LPZA.png/75px-Tipo_normal_LPZA.png","Corviknight"
"corvisquire","Corvisquire","Corvisquire","Volador",,"68","67","55","43","55","77","https://images.wikidexcdn.net/mwuploads/wikidex/4/4b/latest/20260306153545/Octava_generaci%C3%B3n.svg","Corvisquire"
"cosmoem","Cosmoem","Cosmoem","Psíquico",,"43","29","131","29","131","37","https://images.wikidexcdn.net/mwuploads/wikidex/thumb/d/d7/latest/20260424152101/Tipo_ps%C3%ADquico_EpEc.png/82px-Tipo_ps%C3%ADquico_EpEc.png","Cosmoem"
"cosmog","Cosmog","Cosmog","Psíquico",,"43","29","31","29","31","37","https://images.wikidexcdn.net/mwuploads/wikidex/thumb/9/99/latest/20221208180705/Tipo_normal_EP.png/90px-Tipo_normal_EP.png","Cosmog"
"cottonee","Cottonee","Cottonee","Planta","Hada","40","27","60","37","50","66","https://images.wikidexcdn.net/mwuploads/wikidex/9/9f/latest/20260306180702/Quinta_generaci%C3%B3n.svg","Cottonee"
"crabominable","Crabominable","Crabominable","Lucha","Hielo","97","132","77","62","67","43","https://images.wikidexcdn.net/mwuploads/wikidex/thumb/3/33/latest/20251020085001/Tipo_normal_LPZA.png/75px-Tipo_normal_LPZA.png","Crabominable"
"Mega-Crabominable","Mega-Crabominable","Crabominable","Lucha","Hielo","97","157","122","62","107","33","https://images.wikidexcdn.net/mwuploads/wikidex/thumb/3/33/latest/20251020085001/Tipo_normal_LPZA.png/75px-Tipo_normal_LPZA.png","Crabominable"
"crabrawler","Crabrawler","Crabrawler","Lucha",,"47","82","57","42","47","63","https://images.wikidexcdn.net/mwuploads/wikidex/a/a6/latest/20260306153527/S%C3%A9ptima_generaci%C3%B3n.svg","Crabrawler"
"cradily","Cradily","Cradily","Roca","Planta","86","81","97","81","107","43","https://images.wikidexcdn.net/mwuploads/wikidex/4/4a/latest/20260306153335/Tercera_generaci%C3%B3n.svg","Cradily"
"cramorant","Cramorant","Cramorant","Volador","Agua","70","85","55","85","95","85","https://images.wikidexcdn.net/mwuploads/wikidex/4/4b/latest/20260306153545/Octava_generaci%C3%B3n.svg","Cramorant"
"cranidos","Cranidos","Cranidos","Roca",,"67","125","40","30","30","58","https://images.wikidexcdn.net/mwuploads/wikidex/thumb/4/46/latest/20251020084914/Tipo_acero_LPZA.png/80px-Tipo_acero_LPZA.png","Cranidos"
"crawdaunt","Crawdaunt","Crawdaunt","Agua","Siniestro","63","120","85","90","55","55","https://images.wikidexcdn.net/mwuploads/wikidex/thumb/3/33/latest/20251020085001/Tipo_normal_LPZA.png/80px-Tipo_normal_LPZA.png","Crawdaunt"
"cresselia","Cresselia","Cresselia","Psíquico",,"120","70","110","75","120","85","https://images.wikidexcdn.net/mwuploads/wikidex/thumb/e/e4/latest/20251020084855/Tipo_tierra_LPZA.png/80px-Tipo_tierra_LPZA.png","Cresselia"
"croagunk","Croagunk","Croagunk","Veneno","Lucha","48","61","40","61","40","50","https://images.wikidexcdn.net/mwuploads/wikidex/thumb/3/3f/latest/20251020084849/Tipo_veneno_LPZA.png/80px-Tipo_veneno_LPZA.png","Croagunk"
"crobat","Crobat","Crobat","Veneno","Volador","85","90","80","70","80","130","https://images.wikidexcdn.net/mwuploads/wikidex/thumb/3/33/latest/20251020085001/Tipo_normal_LPZA.png/80px-Tipo_normal_LPZA.png","Crobat"
"crocalor","Crocalor","Crocalor","Fuego",,"81","55","78","90","58","49","https://images.wikidexcdn.net/mwuploads/wikidex/thumb/9/99/latest/20221208180705/Tipo_normal_EP.png/90px-Tipo_normal_EP.png","Crocalor"
"croconaw","Croconaw","Croconaw","Agua",,"65","80","80","59","63","58","https://images.wikidexcdn.net/mwuploads/wikidex/thumb/3/32/latest/20251020084942/Tipo_hielo_LPZA.png/80px-Tipo_hielo_LPZA.png","Croconaw"
"crustle","Crustle","Crustle","Bicho","Roca","70","105","125","65","75","45","https://images.wikidexcdn.net/mwuploads/wikidex/9/9f/latest/20260306180702/Quinta_generaci%C3%B3n.svg","Crustle"
"cryogonal","Cryogonal","Cryogonal","Hielo",,"80","50","50","95","135","105","https://images.wikidexcdn.net/mwuploads/wikidex/9/9f/latest/20260306180702/Quinta_generaci%C3%B3n.svg","Cryogonal"
"cubchoo","Cubchoo","Cubchoo","Hielo",,"55","70","40","60","40","40","https://images.wikidexcdn.net/mwuploads/wikidex/9/9f/latest/20260306180702/Quinta_generaci%C3%B3n.svg","Cubchoo"
"cubone","Cubone","Cubone","Tierra",,"50","50","95","40","50","35","https://images.wikidexcdn.net/mwuploads/wikidex/3/38/latest/20260306153303/Segunda_generaci%C3%B3n.svg","Cubone"
"cufant","Cufant","Cufant","Acero",,"72","80","49","40","49","40","https://images.wikidexcdn.net/mwuploads/wikidex/4/4b/latest/20260306153545/Octava_generaci%C3%B3n.svg","Cufant"
"cursola","Cursola","Cursola","Fantasma",,"60","95","50","145","130","30","https://images.wikidexcdn.net/mwuploads/wikidex/4/4b/latest/20260306153545/Octava_generaci%C3%B3n.svg","Cursola"
"cutiefly","Cutiefly","Cutiefly","Bicho","Hada","40","45","40","55","40","84","https://images.wikidexcdn.net/mwuploads/wikidex/a/a6/latest/20260306153527/S%C3%A9ptima_generaci%C3%B3n.svg","Cutiefly"
"cyclizar","Cyclizar","Cyclizar","Dragón","Normal","70","95","65","85","65","121","https://images.wikidexcdn.net/mwuploads/wikidex/8/8c/latest/20260306153605/Novena_generaci%C3%B3n.svg","Cyclizar"
"cyndaquil","Cyndaquil","Cyndaquil","Fuego",,"39","52","43","60","50","65","https://images.wikidexcdn.net/mwuploads/wikidex/3/38/latest/20260306153303/Segunda_generaci%C3%B3n.svg","Cyndaquil"
"dachsbun","Dachsbun","Dachsbun","Hada",,"57","80","115","50","80","95","https://images.wikidexcdn.net/mwuploads/wikidex/thumb/3/33/latest/20251020085001/Tipo_normal_LPZA.png/75px-Tipo_normal_LPZA.png","Dachsbun"
"darkrai","Darkrai","Darkrai","Siniestro",,"70","90","90","135","90","125","https://images.wikidexcdn.net/mwuploads/wikidex/thumb/3/3b/latest/20251020084947/Tipo_drag%C3%B3n_LPZA.png/80px-Tipo_drag%C3%B3n_LPZA.png","Darkrai"
"Mega-Darkrai","Mega-Darkrai","Darkrai","Siniestro",,"70","120","130","165","130","85","https://images.wikidexcdn.net/mwuploads/wikidex/thumb/3/3b/latest/20251020084947/Tipo_drag%C3%B3n_LPZA.png/80px-Tipo_drag%C3%B3n_LPZA.png","Darkrai"
"dartrix","Dartrix","Dartrix","Planta","Volador","78","75","75","70","70","52","https://images.wikidexcdn.net/mwuploads/wikidex/thumb/7/7b/latest/20251020084928/Tipo_planta_LPZA.png/80px-Tipo_planta_LPZA.png","Dartrix"
"darumaka","Darumaka","Darumaka","Fuego",,"70","90","45","15","45","50","https://images.wikidexcdn.net/mwuploads/wikidex/9/9f/latest/20260306180702/Quinta_generaci%C3%B3n.svg","Darumaka"
"darumaka-de-galar","Darumaka de Galar","Darumaka","Hielo",,"70","90","45","15","45","50","https://images.wikidexcdn.net/mwuploads/wikidex/4/4b/latest/20260306153545/Octava_generaci%C3%B3n.svg","Darumaka_de_Galar"
"decidueye","Decidueye","Decidueye","Planta","Fantasma","78","107","75","100","100","70","https://images.wikidexcdn.net/mwuploads/wikidex/thumb/3/33/latest/20251020085001/Tipo_normal_LPZA.png/75px-Tipo_normal_LPZA.png","Decidueye"
"decidueye-de-hisui","Decidueye de Hisui","Decidueye","Planta","Lucha","88","112","80","95","95","60","https://images.wikidexcdn.net/mwuploads/wikidex/thumb/3/33/latest/20251020085001/Tipo_normal_LPZA.png/75px-Tipo_normal_LPZA.png","Decidueye_de_Hisui"
"dedenne","Dedenne","Dedenne","Eléctrico","Hada","67","58","57","81","67","101","https://images.wikidexcdn.net/mwuploads/wikidex/thumb/3/33/latest/20251020085001/Tipo_normal_LPZA.png/75px-Tipo_normal_LPZA.png","Dedenne"
"deerling","Deerling","Deerling","Normal","Planta","60","60","50","40","50","75","https://images.wikidexcdn.net/mwuploads/wikidex/9/9f/latest/20260306180702/Quinta_generaci%C3%B3n.svg","Deerling"
"deino","Deino","Deino","Siniestro","Dragón","52","65","50","45","50","38","https://images.wikidexcdn.net/mwuploads/wikidex/9/9f/latest/20260306180702/Quinta_generaci%C3%B3n.svg","Deino"
"delcatty","Delcatty","Delcatty","Normal",,"70","65","65","55","55","90","https://images.wikidexcdn.net/mwuploads/wikidex/thumb/d/df/latest/20251020084956/Tipo_hada_LPZA.png/80px-Tipo_hada_LPZA.png","Delcatty"
"delibird","Delibird","Delibird","Hielo","Volador","45","55","45","65","45","75","https://images.wikidexcdn.net/mwuploads/wikidex/thumb/3/33/latest/20251020085001/Tipo_normal_LPZA.png/80px-Tipo_normal_LPZA.png","Delibird"
"delphox","Delphox","Delphox","Fuego","Psíquico","75","69","72","114","100","104","https://images.wikidexcdn.net/mwuploads/wikidex/thumb/3/33/latest/20251020085001/Tipo_normal_LPZA.png/75px-Tipo_normal_LPZA.png","Delphox"
"dewgong","Dewgong","Dewgong","Agua","Hielo","90","70","80","70","95","70","https://images.wikidexcdn.net/mwuploads/wikidex/3/38/latest/20260306153303/Segunda_generaci%C3%B3n.svg","Dewgong"
"dewott","Dewott","Dewott","Agua",,"75","75","60","83","60","60","https://images.wikidexcdn.net/mwuploads/wikidex/thumb/9/97/latest/20251020084923/Tipo_agua_LPZA.png/80px-Tipo_agua_LPZA.png","Dewott"
"dewpider","Dewpider","Dewpider","Agua","Bicho","38","40","52","40","72","27","https://images.wikidexcdn.net/mwuploads/wikidex/a/a6/latest/20260306153527/S%C3%A9ptima_generaci%C3%B3n.svg","Dewpider"
"dhelmise","Dhelmise","Dhelmise","Fantasma","Planta","70","131","100","86","90","40","https://images.wikidexcdn.net/mwuploads/wikidex/a/a6/latest/20260306153527/S%C3%A9ptima_generaci%C3%B3n.svg","Dhelmise"
"dialga","Dialga","Dialga","Acero","Dragón","100","120","120","150","100","90","https://images.wikidexcdn.net/mwuploads/wikidex/thumb/4/4c/latest/20251020084900/Tipo_roca_LPZA.png/80px-Tipo_roca_LPZA.png","Dialga"
"diancie","Diancie","Diancie","Roca","Hada","50","100","150","100","150","50","https://images.wikidexcdn.net/mwuploads/wikidex/9/9e/latest/20260306153505/Sexta_generaci%C3%B3n.svg","Diancie"
"Mega-Diancie","Mega-Diancie","Diancie","Roca","Hada","50","160","110","160","110","110","https://images.wikidexcdn.net/mwuploads/wikidex/9/9e/latest/20260306153505/Sexta_generaci%C3%B3n.svg","Diancie"
"diggersby","Diggersby","Diggersby","Normal","Tierra","85","56","77","50","77","78","https://images.wikidexcdn.net/mwuploads/wikidex/thumb/3/33/latest/20251020085001/Tipo_normal_LPZA.png/75px-Tipo_normal_LPZA.png","Diggersby"
"diglett","Diglett","Diglett","Tierra",,"10","55","25","35","45","95","https://images.wikidexcdn.net/mwuploads/wikidex/3/38/latest/20260306153303/Segunda_generaci%C3%B3n.svg","Diglett"
"diglett-de-alola","Diglett de Alola","Diglett","Tierra","Acero","10","55","30","35","45","90","https://images.wikidexcdn.net/mwuploads/wikidex/a/a6/latest/20260306153527/S%C3%A9ptima_generaci%C3%B3n.svg","Diglett_de_Alola"
"dipplin","Dipplin","Dipplin","Planta","Dragón","80","80","110","95","80","40","https://images.wikidexcdn.net/mwuploads/wikidex/thumb/9/99/latest/20221208180705/Tipo_normal_EP.png/90px-Tipo_normal_EP.png","Dipplin"
"ditto","Ditto","Ditto","Normal",,"48","48","48","48","48","48","https://images.wikidexcdn.net/mwuploads/wikidex/thumb/3/33/latest/20251020085001/Tipo_normal_LPZA.png/75px-Tipo_normal_LPZA.png","Ditto"
"dodrio","Dodrio","Dodrio","Normal","Volador","60","110","70","60","60","110","https://images.wikidexcdn.net/mwuploads/wikidex/thumb/3/33/latest/20251020085001/Tipo_normal_LPZA.png/80px-Tipo_normal_LPZA.png","Dodrio"
"doduo","Doduo","Doduo","Normal","Volador","35","85","45","35","35","75","https://images.wikidexcdn.net/mwuploads/wikidex/thumb/3/33/latest/20251020085001/Tipo_normal_LPZA.png/80px-Tipo_normal_LPZA.png","Doduo"
"dolliv","Dolliv","Dolliv","Planta","Normal","52","53","60","78","78","33","https://images.wikidexcdn.net/mwuploads/wikidex/thumb/9/97/latest/20221208180633/Tipo_hada_EP.png/90px-Tipo_hada_EP.png","Dolliv"
"dondozo","Dondozo","Dondozo","Agua",,"150","100","115","65","65","35","https://images.wikidexcdn.net/mwuploads/wikidex/8/8c/latest/20260306153605/Novena_generaci%C3%B3n.svg","Dondozo"
"donphan","Donphan","Donphan","Tierra",,"90","120","120","60","60","50","https://images.wikidexcdn.net/mwuploads/wikidex/thumb/4/4c/latest/20251020084900/Tipo_roca_LPZA.png/80px-Tipo_roca_LPZA.png","Donphan"
"dottler","Dottler","Dottler","Bicho","Psíquico","50","35","80","50","90","30","https://images.wikidexcdn.net/mwuploads/wikidex/4/4b/latest/20260306153545/Octava_generaci%C3%B3n.svg","Dottler"
"doublade","Doublade","Doublade","Acero","Fantasma","59","110","150","45","49","35","https://images.wikidexcdn.net/mwuploads/wikidex/9/9e/latest/20260306153505/Sexta_generaci%C3%B3n.svg","Doublade"
"dracovish","Dracovish","Dracovish","Agua","Dragón","90","90","100","70","80","75","https://images.wikidexcdn.net/mwuploads/wikidex/4/4b/latest/20260306153545/Octava_generaci%C3%B3n.svg","Dracovish"
"dracozolt","Dracozolt","Dracozolt","Eléctrico","Dragón","90","100","90","80","70","75","https://images.wikidexcdn.net/mwuploads/wikidex/4/4b/latest/20260306153545/Octava_generaci%C3%B3n.svg","Dracozolt"
"dragalge","Dragalge","Dragalge","Veneno","Dragón","65","75","90","97","123","44","https://images.wikidexcdn.net/mwuploads/wikidex/thumb/3/33/latest/20251020085001/Tipo_normal_LPZA.png/75px-Tipo_normal_LPZA.png","Dragalge"
"dragapult","Dragapult","Dragapult","Dragón","Fantasma","88","120","75","100","75","142","https://images.wikidexcdn.net/mwuploads/wikidex/thumb/3/33/latest/20251020085001/Tipo_normal_LPZA.png/75px-Tipo_normal_LPZA.png","Dragapult"
"dragonair","Dragonair","Dragonair","Dragón",,"61","84","65","70","70","70","https://images.wikidexcdn.net/mwuploads/wikidex/3/38/latest/20260306153303/Segunda_generaci%C3%B3n.svg","Dragonair"
"dragonite","Dragonite","Dragonite","Dragón","Volador","91","134","95","100","100","80","https://images.wikidexcdn.net/mwuploads/wikidex/thumb/3/33/latest/20251020085001/Tipo_normal_LPZA.png/75px-Tipo_normal_LPZA.png","Dragonite"
"drakloak","Drakloak","Drakloak","Dragón","Fantasma","68","80","50","60","50","102","https://images.wikidexcdn.net/mwuploads/wikidex/thumb/3/3b/latest/20251020084947/Tipo_drag%C3%B3n_LPZA.png/80px-Tipo_drag%C3%B3n_LPZA.png","Drakloak"
"drampa","Drampa","Drampa","Normal","Dragón","78","60","85","135","91","36","https://images.wikidexcdn.net/mwuploads/wikidex/thumb/3/33/latest/20251020085001/Tipo_normal_LPZA.png/75px-Tipo_normal_LPZA.png","Drampa"
"drapion","Drapion","Drapion","Veneno","Siniestro","70","90","110","60","75","95","https://images.wikidexcdn.net/mwuploads/wikidex/thumb/9/97/latest/20251020084923/Tipo_agua_LPZA.png/80px-Tipo_agua_LPZA.png","Drapion"
"dratini","Dratini","Dratini","Dragón",,"41","64","45","50","50","50","https://images.wikidexcdn.net/mwuploads/wikidex/thumb/3/33/latest/20251020085001/Tipo_normal_LPZA.png/80px-Tipo_normal_LPZA.png","Dratini"
"drednaw","Drednaw","Drednaw","Agua","Roca","90","115","90","48","68","74","https://images.wikidexcdn.net/mwuploads/wikidex/4/4b/latest/20260306153545/Octava_generaci%C3%B3n.svg","Drednaw"
"dreepy","Dreepy","Dreepy","Dragón","Fantasma","28","60","30","40","30","82","https://images.wikidexcdn.net/mwuploads/wikidex/4/4b/latest/20260306153545/Octava_generaci%C3%B3n.svg","Dreepy"
"drifblim","Drifblim","Drifblim","Fantasma","Volador","150","80","44","90","54","80","https://images.wikidexcdn.net/mwuploads/wikidex/thumb/c/cc/latest/20251020084843/Tipo_volador_LPZA.png/80px-Tipo_volador_LPZA.png","Drifblim"
"drifloon","Drifloon","Drifloon","Fantasma","Volador","90","50","34","60","44","70","https://images.wikidexcdn.net/mwuploads/wikidex/thumb/b/ba/latest/20251020084937/Tipo_ps%C3%ADquico_LPZA.png/80px-Tipo_ps%C3%ADquico_LPZA.png","Drifloon"
"drilbur","Drilbur","Drilbur","Tierra",,"60","85","40","30","45","68","https://images.wikidexcdn.net/mwuploads/wikidex/9/9f/latest/20260306180702/Quinta_generaci%C3%B3n.svg","Drilbur"
"drizzile","Drizzile","Drizzile","Agua",,"65","60","55","95","55","90","https://images.wikidexcdn.net/mwuploads/wikidex/7/70/latest/20260318173154/X4.svg","Drizzile"
"drowzee","Drowzee","Drowzee","Psíquico",,"60","48","45","43","90","42","https://images.wikidexcdn.net/mwuploads/wikidex/3/38/latest/20260306153303/Segunda_generaci%C3%B3n.svg","Drowzee"
"druddigon","Druddigon","Druddigon","Dragón",,"77","120","90","60","90","48","https://images.wikidexcdn.net/mwuploads/wikidex/9/9f/latest/20260306180702/Quinta_generaci%C3%B3n.svg","Druddigon"
"dubwool","Dubwool","Dubwool","Normal",,"72","80","100","60","90","88","https://images.wikidexcdn.net/mwuploads/wikidex/4/4b/latest/20260306153545/Octava_generaci%C3%B3n.svg","Dubwool"
"ducklett","Ducklett","Ducklett","Agua","Volador","62","44","50","44","50","55","https://images.wikidexcdn.net/mwuploads/wikidex/9/9f/latest/20260306180702/Quinta_generaci%C3%B3n.svg","Ducklett"
"dudunsparce","Dudunsparce","Dudunsparce","Normal",,"125","100","80","85","75","55","https://images.wikidexcdn.net/mwuploads/wikidex/thumb/9/99/latest/20221208180705/Tipo_normal_EP.png/90px-Tipo_normal_EP.png","Dudunsparce"
"dugtrio","Dugtrio","Dugtrio","Tierra",,"35","100","50","50","70","120","https://images.wikidexcdn.net/mwuploads/wikidex/thumb/d/df/latest/20251020084956/Tipo_hada_LPZA.png/80px-Tipo_hada_LPZA.png","Dugtrio"
"dugtrio-de-alola","Dugtrio de Alola","Dugtrio","Tierra","Acero","35","100","60","50","70","110","https://images.wikidexcdn.net/mwuploads/wikidex/a/a6/latest/20260306153527/S%C3%A9ptima_generaci%C3%B3n.svg","Dugtrio_de_Alola"
"dunsparce","Dunsparce","Dunsparce","Normal",,"100","70","70","65","65","45","https://images.wikidexcdn.net/mwuploads/wikidex/3/38/latest/20260306153303/Segunda_generaci%C3%B3n.svg","Dunsparce"
"duosion","Duosion","Duosion","Psíquico",,"65","40","50","125","60","30","https://images.wikidexcdn.net/mwuploads/wikidex/9/9f/latest/20260306180702/Quinta_generaci%C3%B3n.svg","Duosion"
"duraludon","Duraludon","Duraludon","Acero","Dragón","70","95","115","120","50","85","https://images.wikidexcdn.net/mwuploads/wikidex/4/4b/latest/20260306153545/Octava_generaci%C3%B3n.svg","Duraludon"
"durant","Durant","Durant","Bicho","Acero","58","109","112","48","48","109","https://images.wikidexcdn.net/mwuploads/wikidex/9/9f/latest/20260306180702/Quinta_generaci%C3%B3n.svg","Durant"
"dusclops","Dusclops","Dusclops","Fantasma",,"40","70","130","60","130","25","https://images.wikidexcdn.net/mwuploads/wikidex/thumb/3/33/latest/20251020085001/Tipo_normal_LPZA.png/80px-Tipo_normal_LPZA.png","Dusclops"
"dusknoir","Dusknoir","Dusknoir","Fantasma",,"45","100","135","65","135","45","https://images.wikidexcdn.net/mwuploads/wikidex/thumb/3/33/latest/20251020085001/Tipo_normal_LPZA.png/80px-Tipo_normal_LPZA.png","Dusknoir"
"duskull","Duskull","Duskull","Fantasma",,"20","40","90","30","90","25","https://images.wikidexcdn.net/mwuploads/wikidex/thumb/3/33/latest/20251020085001/Tipo_normal_LPZA.png/80px-Tipo_normal_LPZA.png","Duskull"
"dustox","Dustox","Dustox","Bicho","Veneno","60","50","70","50","90","65","https://images.wikidexcdn.net/mwuploads/wikidex/thumb/3/33/latest/20251020085001/Tipo_normal_LPZA.png/80px-Tipo_normal_LPZA.png","Dustox"
"dwebble","Dwebble","Dwebble","Bicho","Roca","50","65","85","35","35","55","https://images.wikidexcdn.net/mwuploads/wikidex/9/9f/latest/20260306180702/Quinta_generaci%C3%B3n.svg","Dwebble"
"eelektrik","Eelektrik","Eelektrik","Eléctrico",,"65","85","70","75","70","40","https://images.wikidexcdn.net/mwuploads/wikidex/9/9f/latest/20260306180702/Quinta_generaci%C3%B3n.svg","Eelektrik"
"eelektross","Eelektross","Eelektross","Eléctrico",,"85","115","80","105","80","50","https://images.wikidexcdn.net/mwuploads/wikidex/thumb/3/33/latest/20251020085001/Tipo_normal_LPZA.png/75px-Tipo_normal_LPZA.png","Eelektross"
"eevee","Eevee","Eevee","Normal",,"55","55","50","45","65","55","https://images.wikidexcdn.net/mwuploads/wikidex/thumb/0/0f/latest/20161118042212/Eeveestal_Z_%28Dream_World%29.png/32px-Eeveestal_Z_%28Dream_World%29.png","Eevee"
"ekans","Ekans","Ekans","Veneno",,"35","60","44","40","54","55","https://images.wikidexcdn.net/mwuploads/wikidex/3/38/latest/20260306153303/Segunda_generaci%C3%B3n.svg","Ekans"
"eldegoss","Eldegoss","Eldegoss","Planta",,"60","50","90","80","120","60","https://images.wikidexcdn.net/mwuploads/wikidex/4/4b/latest/20260306153545/Octava_generaci%C3%B3n.svg","Eldegoss"
"electabuzz","Electabuzz","Electabuzz","Eléctrico",,"65","83","57","95","85","105","https://images.wikidexcdn.net/mwuploads/wikidex/thumb/3/33/latest/20251020085001/Tipo_normal_LPZA.png/80px-Tipo_normal_LPZA.png","Electabuzz"
"electivire","Electivire","Electivire","Eléctrico",,"75","123","67","95","85","95","https://images.wikidexcdn.net/mwuploads/wikidex/thumb/c/c6/latest/20251020084932/Tipo_el%C3%A9ctrico_LPZA.png/80px-Tipo_el%C3%A9ctrico_LPZA.png","Electivire"
"electrike","Electrike","Electrike","Eléctrico",,"40","45","40","65","40","65","https://images.wikidexcdn.net/mwuploads/wikidex/thumb/7/71/latest/20251020124243/Tipo_insecto_LPZA.png/80px-Tipo_insecto_LPZA.png","Electrike"
"electrode","Electrode","Electrode","Eléctrico",,"60","50","70","80","80","150","https://images.wikidexcdn.net/mwuploads/wikidex/3/38/latest/20260306153303/Segunda_generaci%C3%B3n.svg","Electrode"
"electrode-de-hisui","Electrode de Hisui","Electrode","Eléctrico","Planta","60","50","70","80","80","150","https://images.wikidexcdn.net/mwuploads/wikidex/thumb/3/32/latest/20251020084942/Tipo_hielo_LPZA.png/80px-Tipo_hielo_LPZA.png","Electrode_de_Hisui"
"electrofuria","Electrofuria","Electrofuria","Eléctrico","Dragón","125","73","91","137","89","75","https://images.wikidexcdn.net/mwuploads/wikidex/thumb/9/99/latest/20221208180705/Tipo_normal_EP.png/90px-Tipo_normal_EP.png","Electrofuria"
"elekid","Elekid","Elekid","Eléctrico",,"45","63","37","65","55","95","https://images.wikidexcdn.net/mwuploads/wikidex/thumb/3/33/latest/20251020085001/Tipo_normal_LPZA.png/80px-Tipo_normal_LPZA.png","Elekid"
"elgyem","Elgyem","Elgyem","Psíquico",,"55","55","55","85","55","30","https://images.wikidexcdn.net/mwuploads/wikidex/9/9f/latest/20260306180702/Quinta_generaci%C3%B3n.svg","Elgyem"
"emboar","Emboar","Emboar","Fuego","Lucha","110","123","65","100","65","65","https://images.wikidexcdn.net/mwuploads/wikidex/thumb/3/33/latest/20251020085001/Tipo_normal_LPZA.png/75px-Tipo_normal_LPZA.png","Emboar"
"emolga","Emolga","Emolga","Eléctrico","Volador","55","75","60","75","60","103","https://images.wikidexcdn.net/mwuploads/wikidex/thumb/3/33/latest/20251020085001/Tipo_normal_LPZA.png/75px-Tipo_normal_LPZA.png","Emolga"
"empoleon","Empoleon","Empoleon","Agua","Acero","84","86","88","111","101","60","https://images.wikidexcdn.net/mwuploads/wikidex/thumb/3/33/latest/20251020085001/Tipo_normal_LPZA.png/75px-Tipo_normal_LPZA.png","Empoleon"
"entei","Entei","Entei","Fuego",,"115","115","85","90","75","100","https://images.wikidexcdn.net/mwuploads/wikidex/thumb/9/97/latest/20251020084919/Tipo_fuego_LPZA.png/80px-Tipo_fuego_LPZA.png","Entei"
"escavalier","Escavalier","Escavalier","Bicho","Acero","70","135","105","60","105","20","https://images.wikidexcdn.net/mwuploads/wikidex/9/9f/latest/20260306180702/Quinta_generaci%C3%B3n.svg","Escavalier"
"espathra","Espathra","Espathra","Psíquico",,"95","60","60","101","60","105","https://images.wikidexcdn.net/mwuploads/wikidex/thumb/3/33/latest/20251020085001/Tipo_normal_LPZA.png/75px-Tipo_normal_LPZA.png","Espathra"
"espeon","Espeon","Espeon","Psíquico",,"65","65","60","130","95","110","https://images.wikidexcdn.net/mwuploads/wikidex/thumb/3/33/latest/20251020085001/Tipo_normal_LPZA.png/75px-Tipo_normal_LPZA.png","Espeon"
"espurr","Espurr","Espurr","Psíquico",,"62","48","54","63","60","68","https://images.wikidexcdn.net/mwuploads/wikidex/9/9e/latest/20260306153505/Sexta_generaci%C3%B3n.svg","Espurr"
"eternatus","Eternatus","Eternatus","Veneno","Dragón","140","85","95","145","95","130","https://images.wikidexcdn.net/mwuploads/wikidex/4/4b/latest/20260306153545/Octava_generaci%C3%B3n.svg","Eternatus"
"eternatus-dinamax-infinito","Eternatus Dinamax infinito","Eternatus","Veneno","Dragón","255","115","250","125","250","130","https://images.wikidexcdn.net/mwuploads/wikidex/4/4b/latest/20260306153545/Octava_generaci%C3%B3n.svg","Eternatus"
"excadrill","Excadrill","Excadrill","Tierra","Acero","110","135","60","50","65","88","https://images.wikidexcdn.net/mwuploads/wikidex/thumb/3/33/latest/20251020085001/Tipo_normal_LPZA.png/75px-Tipo_normal_LPZA.png","Excadrill"
"exeggcute","Exeggcute","Exeggcute","Planta","Psíquico","60","40","80","60","45","40","https://images.wikidexcdn.net/mwuploads/wikidex/thumb/3/33/latest/20251020085001/Tipo_normal_LPZA.png/80px-Tipo_normal_LPZA.png","Exeggcute"
"exeggutor","Exeggutor","Exeggutor","Planta","Psíquico","95","95","85","125","75","55","https://images.wikidexcdn.net/mwuploads/wikidex/thumb/3/33/latest/20251020085001/Tipo_normal_LPZA.png/80px-Tipo_normal_LPZA.png","Exeggutor"
"exeggutor-de-alola","Exeggutor de Alola","Exeggutor","Planta","Dragón","95","105","85","125","75","45","https://images.wikidexcdn.net/mwuploads/wikidex/thumb/3/33/latest/20251020085001/Tipo_normal_LPZA.png/80px-Tipo_normal_LPZA.png","Exeggutor_de_Alola"
"exploud","Exploud","Exploud","Normal",,"104","91","63","91","73","68","https://images.wikidexcdn.net/mwuploads/wikidex/thumb/2/2e/latest/20251020124236/Tipo_pelea_LPZA.png/80px-Tipo_pelea_LPZA.png","Exploud"
"falinks","Falinks","Falinks","Lucha",,"65","100","100","70","60","75","https://images.wikidexcdn.net/mwuploads/wikidex/thumb/3/33/latest/20251020085001/Tipo_normal_LPZA.png/75px-Tipo_normal_LPZA.png","Falinks"
"farfetch-d","Farfetch’d","Farfetch’d","Normal","Volador","52","90","55","58","62","60","https://images.wikidexcdn.net/mwuploads/wikidex/thumb/3/33/latest/20251020085001/Tipo_normal_LPZA.png/80px-Tipo_normal_LPZA.png","Farfetch’d"
"farfetch-d-de-galar","Farfetch’d de Galar","Farfetch’d","Lucha",,"52","95","55","58","62","55","https://images.wikidexcdn.net/mwuploads/wikidex/4/4b/latest/20260306153545/Octava_generaci%C3%B3n.svg","Farfetch’d_de_Galar"
"farigiraf","Farigiraf","Farigiraf","Normal","Psíquico","120","90","70","110","70","60","https://images.wikidexcdn.net/mwuploads/wikidex/thumb/3/33/latest/20251020085001/Tipo_normal_LPZA.png/75px-Tipo_normal_LPZA.png","Farigiraf"
"fearow","Fearow","Fearow","Normal","Volador","65","90","65","61","61","100","https://images.wikidexcdn.net/mwuploads/wikidex/4/4a/latest/20260306153335/Tercera_generaci%C3%B3n.svg","Fearow"
"feebas","Feebas","Feebas","Agua",,"20","15","20","10","55","80","https://images.wikidexcdn.net/mwuploads/wikidex/thumb/b/ba/latest/20251020084937/Tipo_ps%C3%ADquico_LPZA.png/80px-Tipo_ps%C3%ADquico_LPZA.png","Feebas"
"fennekin","Fennekin","Fennekin","Fuego",,"40","45","40","62","60","60","https://images.wikidexcdn.net/mwuploads/wikidex/9/9e/latest/20260306153505/Sexta_generaci%C3%B3n.svg","Fennekin"
"feraligatr","Feraligatr","Feraligatr","Agua",,"85","105","100","79","83","78","https://images.wikidexcdn.net/mwuploads/wikidex/thumb/3/33/latest/20251020085001/Tipo_normal_LPZA.png/75px-Tipo_normal_LPZA.png","Feraligatr"
"ferrocuello","Ferrocuello","Ferrocuello","Siniestro","Volador","94","80","86","122","80","108","https://images.wikidexcdn.net/mwuploads/wikidex/thumb/9/99/latest/20221208180705/Tipo_normal_EP.png/90px-Tipo_normal_EP.png","Ferrocuello"
"ferrodada","Ferrodada","Ferrodada","Tierra","Acero","90","112","120","72","70","106","https://images.wikidexcdn.net/mwuploads/wikidex/thumb/9/99/latest/20221208180705/Tipo_normal_EP.png/90px-Tipo_normal_EP.png","Ferrodada"
"ferromole","Ferromole","Ferromole","Roca","Psíquico","90","120","80","68","108","124","https://images.wikidexcdn.net/mwuploads/wikidex/thumb/9/99/latest/20221208180705/Tipo_normal_EP.png/90px-Tipo_normal_EP.png","Ferromole"
"ferropaladin","Ferropaladín","Ferropaladín","Hada","Lucha","74","130","90","120","60","116","https://images.wikidexcdn.net/mwuploads/wikidex/thumb/9/9b/latest/20221208180717/Tipo_ps%C3%ADquico_EP.png/90px-Tipo_ps%C3%ADquico_EP.png","Ferropaladín"
"ferropalmas","Ferropalmas","Ferropalmas","Lucha","Eléctrico","154","140","108","50","68","50","https://images.wikidexcdn.net/mwuploads/wikidex/thumb/9/99/latest/20221208180705/Tipo_normal_EP.png/90px-Tipo_normal_EP.png","Ferropalmas"
"ferropolilla","Ferropolilla","Ferropolilla","Fuego","Veneno","80","70","60","140","110","110","https://images.wikidexcdn.net/mwuploads/wikidex/thumb/9/99/latest/20221208180705/Tipo_normal_EP.png/90px-Tipo_normal_EP.png","Ferropolilla"
"ferropuas","Ferropúas","Ferropúas","Roca","Eléctrico","100","134","110","70","84","72","https://images.wikidexcdn.net/mwuploads/wikidex/thumb/9/99/latest/20221208180705/Tipo_normal_EP.png/90px-Tipo_normal_EP.png","Ferropúas"
"ferrosaco","Ferrosaco","Ferrosaco","Hielo","Agua","56","80","114","124","60","136","https://images.wikidexcdn.net/mwuploads/wikidex/thumb/9/99/latest/20221208180705/Tipo_normal_EP.png/90px-Tipo_normal_EP.png","Ferrosaco"
"ferroseed","Ferroseed","Ferroseed","Planta","Acero","44","50","91","24","86","10","https://images.wikidexcdn.net/mwuploads/wikidex/9/9f/latest/20260306180702/Quinta_generaci%C3%B3n.svg","Ferroseed"
"ferrotesta","Ferrotesta","Ferrotesta","Acero","Psíquico","90","72","100","122","108","98","https://images.wikidexcdn.net/mwuploads/wikidex/thumb/9/99/latest/20221208180705/Tipo_normal_EP.png/90px-Tipo_normal_EP.png","Ferrotesta"
"ferrothorn","Ferrothorn","Ferrothorn","Planta","Acero","74","94","131","54","116","20","https://images.wikidexcdn.net/mwuploads/wikidex/9/9f/latest/20260306180702/Quinta_generaci%C3%B3n.svg","Ferrothorn"
"ferroverdor","Ferroverdor","Ferroverdor","Planta","Psíquico","90","130","88","70","108","104","https://images.wikidexcdn.net/mwuploads/wikidex/thumb/9/99/latest/20221208180705/Tipo_normal_EP.png/90px-Tipo_normal_EP.png","Ferroverdor"
"fezandipiti","Fezandipiti","Fezandipiti","Veneno","Hada","88","91","82","70","125","99","https://images.wikidexcdn.net/mwuploads/wikidex/thumb/9/99/latest/20221208180705/Tipo_normal_EP.png/90px-Tipo_normal_EP.png","Fezandipiti"
"fidough","Fidough","Fidough","Hada",,"37","55","70","30","55","65","https://images.wikidexcdn.net/mwuploads/wikidex/8/8c/latest/20260306153605/Novena_generaci%C3%B3n.svg","Fidough"
"finizen","Finizen","Finizen","Agua",,"70","45","40","45","40","75","https://images.wikidexcdn.net/mwuploads/wikidex/8/8c/latest/20260306153605/Novena_generaci%C3%B3n.svg","Finizen"
"finneon","Finneon","Finneon","Agua",,"49","49","56","49","61","66","https://images.wikidexcdn.net/mwuploads/wikidex/thumb/3/33/latest/20251020085001/Tipo_normal_LPZA.png/80px-Tipo_normal_LPZA.png","Finneon"
"flaaffy","Flaaffy","Flaaffy","Eléctrico",,"70","55","55","80","60","45","https://images.wikidexcdn.net/mwuploads/wikidex/thumb/c/c6/latest/20251020084932/Tipo_el%C3%A9ctrico_LPZA.png/80px-Tipo_el%C3%A9ctrico_LPZA.png","Flaaffy"
"flabebe","Flabébé","Flabébé","Hada",,"44","38","39","61","79","42","https://images.wikidexcdn.net/mwuploads/wikidex/9/9e/latest/20260306153505/Sexta_generaci%C3%B3n.svg","Flabébé"
"flamariete","Flamariete","Flamariete","Fuego","Dragón","105","115","121","65","93","91","https://images.wikidexcdn.net/mwuploads/wikidex/thumb/9/99/latest/20221208180705/Tipo_normal_EP.png/90px-Tipo_normal_EP.png","Flamariete"
"flamigo","Flamigo","Flamigo","Volador","Lucha","82","115","74","75","64","90","https://images.wikidexcdn.net/mwuploads/wikidex/8/8c/latest/20260306153605/Novena_generaci%C3%B3n.svg","Flamigo"
"flapple","Flapple","Flapple","Planta","Dragón","70","110","80","95","60","70","https://images.wikidexcdn.net/mwuploads/wikidex/thumb/3/33/latest/20251020085001/Tipo_normal_LPZA.png/75px-Tipo_normal_LPZA.png","Flapple"
"flareon","Flareon","Flareon","Fuego",,"65","130","60","95","110","65","https://images.wikidexcdn.net/mwuploads/wikidex/thumb/3/33/latest/20251020085001/Tipo_normal_LPZA.png/75px-Tipo_normal_LPZA.png","Flareon"
"fletchinder","Fletchinder","Fletchinder","Fuego","Volador","62","73","55","56","52","84","https://images.wikidexcdn.net/mwuploads/wikidex/9/9e/latest/20260306153505/Sexta_generaci%C3%B3n.svg","Fletchinder"
"fletchling","Fletchling","Fletchling","Normal","Volador","45","50","43","40","38","62","https://images.wikidexcdn.net/mwuploads/wikidex/9/9e/latest/20260306153505/Sexta_generaci%C3%B3n.svg","Fletchling"
"flittle","Flittle","Flittle","Psíquico",,"30","35","30","55","30","75","https://images.wikidexcdn.net/mwuploads/wikidex/8/8c/latest/20260306153605/Novena_generaci%C3%B3n.svg","Flittle"
"floatzel","Floatzel","Floatzel","Agua",,"85","105","55","85","50","115","https://images.wikidexcdn.net/mwuploads/wikidex/thumb/9/97/latest/20251020084923/Tipo_agua_LPZA.png/80px-Tipo_agua_LPZA.png","Floatzel"
"floette","Floette","Floette","Hada",,"54","45","47","75","98","52","https://images.wikidexcdn.net/mwuploads/wikidex/thumb/3/33/latest/20251020085001/Tipo_normal_LPZA.png/75px-Tipo_normal_LPZA.png","Floette"
"floette-flor-eterna","Floette Flor Eterna","Floette","Hada",,"74","65","67","125","128","92","https://images.wikidexcdn.net/mwuploads/wikidex/thumb/3/33/latest/20251020085001/Tipo_normal_LPZA.png/75px-Tipo_normal_LPZA.png","Floette"
"floragato","Floragato","Floragato","Planta",,"61","80","63","60","63","83","https://images.wikidexcdn.net/mwuploads/wikidex/thumb/9/99/latest/20221208180705/Tipo_normal_EP.png/90px-Tipo_normal_EP.png","Floragato"
"florges","Florges","Florges","Hada",,"78","65","68","112","154","75","https://images.wikidexcdn.net/mwuploads/wikidex/thumb/3/33/latest/20251020085001/Tipo_normal_LPZA.png/75px-Tipo_normal_LPZA.png","Florges"
"flygon","Flygon","Flygon","Tierra","Dragón","80","100","80","80","80","100","https://images.wikidexcdn.net/mwuploads/wikidex/4/4a/latest/20260306153335/Tercera_generaci%C3%B3n.svg","Flygon"
"fomantis","Fomantis","Fomantis","Planta",,"40","55","35","50","35","35","https://images.wikidexcdn.net/mwuploads/wikidex/a/a6/latest/20260306153527/S%C3%A9ptima_generaci%C3%B3n.svg","Fomantis"
"foongus","Foongus","Foongus","Planta","Veneno","69","55","45","55","55","15","https://images.wikidexcdn.net/mwuploads/wikidex/9/9f/latest/20260306180702/Quinta_generaci%C3%B3n.svg","Foongus"
"forma-ataque","Forma ataque","Deoxys","Psíquico",,"50","180","20","180","20","150","https://images.wikidexcdn.net/mwuploads/wikidex/thumb/b/ba/latest/20251020084937/Tipo_ps%C3%ADquico_LPZA.png/80px-Tipo_ps%C3%ADquico_LPZA.png","Deoxys"
"forma-avatar","Forma avatar","Landorus","Tierra","Volador","89","125","90","115","80","101","https://images.wikidexcdn.net/mwuploads/wikidex/thumb/4/4c/latest/20251020084900/Tipo_roca_LPZA.png/80px-Tipo_roca_LPZA.png","Landorus"
"forma-avatar-1","Forma avatar","Thundurus","Eléctrico","Volador","79","115","70","125","80","111","https://images.wikidexcdn.net/mwuploads/wikidex/thumb/3/33/latest/20251020085001/Tipo_normal_LPZA.png/80px-Tipo_normal_LPZA.png","Thundurus"
"forma-avatar-2","Forma avatar","Tornadus","Volador",,"79","115","70","125","80","111","https://images.wikidexcdn.net/mwuploads/wikidex/thumb/3/33/latest/20251020085001/Tipo_normal_LPZA.png/80px-Tipo_normal_LPZA.png","Tornadus"
"forma-avatar-3","Forma avatar","Enamorus","Hada","Volador","74","115","70","135","80","106","https://images.wikidexcdn.net/mwuploads/wikidex/thumb/3/3f/latest/20251020084849/Tipo_veneno_LPZA.png/80px-Tipo_veneno_LPZA.png","Enamorus"
"forma-banco","Forma banco","Wishiwashi","Agua",,"45","140","130","140","135","30","https://images.wikidexcdn.net/mwuploads/wikidex/a/a6/latest/20260306153527/S%C3%A9ptima_generaci%C3%B3n.svg","Wishiwashi"
"forma-cielo","Forma cielo","Shaymin","Planta",,"100","103","75","120","75","127","https://images.wikidexcdn.net/mwuploads/wikidex/thumb/3/33/latest/20251020085001/Tipo_normal_LPZA.png/80px-Tipo_normal_LPZA.png","Shaymin"
"forma-crepuscular","Forma crepuscular","Lycanroc","Roca",,"75","117","65","55","65","110","https://images.wikidexcdn.net/mwuploads/wikidex/thumb/a/ad/latest/20171126220648/Lycanroc.png/200px-Lycanroc.png","Lycanroc"
"forma-danza","Forma danza","Meloetta","Normal","Psíquico","100","128","90","77","77","128","https://images.wikidexcdn.net/mwuploads/wikidex/thumb/3/33/latest/20251020085001/Tipo_normal_LPZA.png/80px-Tipo_normal_LPZA.png","Meloetta"
"forma-defensa","Forma defensa","Deoxys","Psíquico",,"50","70","160","70","160","90","https://images.wikidexcdn.net/mwuploads/wikidex/thumb/d/d5/latest/20150621184218/Deoxys.png/200px-Deoxys.png","Deoxys"
"forma-diurna","Forma diurna","Lycanroc","Roca",,"75","115","65","55","65","112","https://images.wikidexcdn.net/mwuploads/wikidex/thumb/3/33/latest/20251020085001/Tipo_normal_LPZA.png/75px-Tipo_normal_LPZA.png","Lycanroc"
"forma-heroica","Forma heroica","Palafin","Agua",,"100","160","97","106","87","100","https://images.wikidexcdn.net/mwuploads/wikidex/thumb/3/33/latest/20251020085001/Tipo_normal_LPZA.png/75px-Tipo_normal_LPZA.png","Palafin"
"forma-individual","Forma individual","Wishiwashi","Agua",,"45","20","20","25","25","40","https://images.wikidexcdn.net/mwuploads/wikidex/a/a6/latest/20260306153527/S%C3%A9ptima_generaci%C3%B3n.svg","Wishiwashi"
"forma-ingenua","Forma ingenua","Palafin","Agua",,"100","70","72","53","62","100","https://images.wikidexcdn.net/mwuploads/wikidex/thumb/3/33/latest/20251020085001/Tipo_normal_LPZA.png/75px-Tipo_normal_LPZA.png","Palafin"
"forma-lirica","Forma lírica","Meloetta","Normal","Psíquico","100","77","77","128","128","90","https://images.wikidexcdn.net/mwuploads/wikidex/thumb/3/33/latest/20251020085001/Tipo_normal_LPZA.png/80px-Tipo_normal_LPZA.png","Meloetta"
"forma-meteorito","Forma meteorito","Minior","Roca","Volador","60","60","100","60","100","60","https://images.wikidexcdn.net/mwuploads/wikidex/a/a6/latest/20260306153527/S%C3%A9ptima_generaci%C3%B3n.svg","Minior"
"forma-modificada","Forma modificada","Giratina","Fantasma","Dragón","150","100","120","100","120","90","https://images.wikidexcdn.net/mwuploads/wikidex/5/5a/latest/20260306180611/Cuarta_generaci%C3%B3n.svg","Giratina"
"forma-nocturna","Forma nocturna","Lycanroc","Roca",,"85","115","75","55","75","82","https://images.wikidexcdn.net/mwuploads/wikidex/thumb/3/33/latest/20251020085001/Tipo_normal_LPZA.png/75px-Tipo_normal_LPZA.png","Lycanroc"
"forma-normal","Forma normal","Deoxys","Psíquico",,"50","150","50","150","50","150","https://images.wikidexcdn.net/mwuploads/wikidex/thumb/b/ba/latest/20251020084937/Tipo_ps%C3%ADquico_LPZA.png/80px-Tipo_ps%C3%ADquico_LPZA.png","Deoxys"
"forma-nucleo","Forma núcleo","Minior","Roca","Volador","60","100","60","100","60","120","https://images.wikidexcdn.net/mwuploads/wikidex/a/a6/latest/20260306153527/S%C3%A9ptima_generaci%C3%B3n.svg","Minior"
"forma-origen","Forma origen","Dialga","Acero","Dragón","100","100","120","150","120","90","https://images.wikidexcdn.net/mwuploads/wikidex/thumb/4/4c/latest/20251020084900/Tipo_roca_LPZA.png/80px-Tipo_roca_LPZA.png","Dialga"
"forma-origen-1","Forma origen","Giratina","Fantasma","Dragón","150","120","100","120","100","90","https://images.wikidexcdn.net/mwuploads/wikidex/thumb/f/f4/latest/20150621182843/Giratina_modificada.png/200px-Giratina_modificada.png","Giratina"
"forma-origen-2","Forma origen","Palkia","Agua","Dragón","90","100","100","150","120","120","https://images.wikidexcdn.net/mwuploads/wikidex/5/5a/latest/20260306180611/Cuarta_generaci%C3%B3n.svg","Palkia"
"forma-tierra","Forma tierra","Shaymin","Planta",,"100","100","100","100","100","100","https://images.wikidexcdn.net/mwuploads/wikidex/thumb/3/33/latest/20251020085001/Tipo_normal_LPZA.png/80px-Tipo_normal_LPZA.png","Shaymin"
"forma-totem","Forma tótem","Landorus","Tierra","Volador","89","145","90","105","80","91","https://images.wikidexcdn.net/mwuploads/wikidex/thumb/1/1c/latest/20161201010213/Landorus_avatar.png/200px-Landorus_avatar.png","Landorus"
"forma-totem-1","Forma tótem","Thundurus","Eléctrico","Volador","79","105","70","145","80","101","https://images.wikidexcdn.net/mwuploads/wikidex/thumb/2/2c/latest/20141113215731/Thundurus_avatar.png/200px-Thundurus_avatar.png","Thundurus"
"forma-totem-2","Forma tótem","Tornadus","Volador",,"79","100","80","110","90","121","https://images.wikidexcdn.net/mwuploads/wikidex/thumb/1/1d/latest/20141113215853/Tornadus_avatar.png/200px-Tornadus_avatar.png","Tornadus"
"forma-totem-3","Forma tótem","Enamorus","Hada","Volador","74","115","110","135","100","46","https://images.wikidexcdn.net/mwuploads/wikidex/thumb/f/f2/latest/20220216073029/Enamorus_avatar.png/200px-Enamorus_avatar.png","Enamorus"
"forma-velocidad","Forma velocidad","Deoxys","Psíquico",,"50","95","90","95","90","180","https://images.wikidexcdn.net/mwuploads/wikidex/thumb/d/d5/latest/20150621184218/Deoxys.png/200px-Deoxys.png","Deoxys"
"forretress","Forretress","Forretress","Bicho","Acero","75","90","140","60","60","40","https://images.wikidexcdn.net/mwuploads/wikidex/thumb/3/33/latest/20251020085001/Tipo_normal_LPZA.png/75px-Tipo_normal_LPZA.png","Forretress"
"fraxure","Fraxure","Fraxure","Dragón",,"66","117","70","40","50","67","https://images.wikidexcdn.net/mwuploads/wikidex/9/9f/latest/20260306180702/Quinta_generaci%C3%B3n.svg","Fraxure"
"frigibax","Frigibax","Frigibax","Dragón","Hielo","65","75","45","35","45","55","https://images.wikidexcdn.net/mwuploads/wikidex/8/8c/latest/20260306153605/Novena_generaci%C3%B3n.svg","Frigibax"
"frillish","Frillish","Frillish","Agua","Fantasma","55","40","50","65","85","40","https://images.wikidexcdn.net/mwuploads/wikidex/9/9f/latest/20260306180702/Quinta_generaci%C3%B3n.svg","Frillish"
"froakie","Froakie","Froakie","Agua",,"41","56","40","62","44","71","https://images.wikidexcdn.net/mwuploads/wikidex/9/9e/latest/20260306153505/Sexta_generaci%C3%B3n.svg","Froakie"
"frogadier","Frogadier","Frogadier","Agua",,"54","63","52","83","56","97","https://images.wikidexcdn.net/mwuploads/wikidex/9/9e/latest/20260306153505/Sexta_generaci%C3%B3n.svg","Frogadier"
"froslass","Froslass","Froslass","Hielo","Fantasma","70","80","70","80","70","110","https://images.wikidexcdn.net/mwuploads/wikidex/thumb/3/33/latest/20251020085001/Tipo_normal_LPZA.png/75px-Tipo_normal_LPZA.png","Froslass"
"frosmoth","Frosmoth","Frosmoth","Hielo","Bicho","70","65","60","125","90","65","https://images.wikidexcdn.net/mwuploads/wikidex/4/4b/latest/20260306153545/Octava_generaci%C3%B3n.svg","Frosmoth"
"fuecoco","Fuecoco","Fuecoco","Fuego",,"67","45","59","63","40","36","https://images.wikidexcdn.net/mwuploads/wikidex/8/8c/latest/20260306153605/Novena_generaci%C3%B3n.svg","Fuecoco"
"furfrou","Furfrou","Furfrou","Normal",,"75","80","60","65","90","102","https://images.wikidexcdn.net/mwuploads/wikidex/thumb/3/33/latest/20251020085001/Tipo_normal_LPZA.png/75px-Tipo_normal_LPZA.png","Furfrou"
"furioseta","Furioseta","Furioseta","Planta","Siniestro","111","127","99","79","99","55","https://images.wikidexcdn.net/mwuploads/wikidex/thumb/9/99/latest/20221208180705/Tipo_normal_EP.png/90px-Tipo_normal_EP.png","Furioseta"
"furret","Furret","Furret","Normal",,"85","76","64","45","55","90","https://images.wikidexcdn.net/mwuploads/wikidex/thumb/4/46/latest/20251020084914/Tipo_acero_LPZA.png/80px-Tipo_acero_LPZA.png","Furret"
"gabite","Gabite","Gabite","Dragón","Tierra","68","90","65","50","55","82","https://images.wikidexcdn.net/mwuploads/wikidex/thumb/3/33/latest/20251020085001/Tipo_normal_LPZA.png/80px-Tipo_normal_LPZA.png","Gabite"
"gallade","Gallade","Gallade","Psíquico","Lucha","68","125","65","65","115","80","https://images.wikidexcdn.net/mwuploads/wikidex/thumb/3/33/latest/20251020085001/Tipo_normal_LPZA.png/75px-Tipo_normal_LPZA.png","Gallade"
"Mega-Gallade","Mega-Gallade","Gallade","Psíquico","Lucha","68","165","95","65","115","110","https://images.wikidexcdn.net/mwuploads/wikidex/thumb/3/33/latest/20251020085001/Tipo_normal_LPZA.png/75px-Tipo_normal_LPZA.png","Gallade"
"galvantula","Galvantula","Galvantula","Bicho","Eléctrico","70","77","60","97","60","108","https://images.wikidexcdn.net/mwuploads/wikidex/9/9f/latest/20260306180702/Quinta_generaci%C3%B3n.svg","Galvantula"
"garbodor","Garbodor","Garbodor","Veneno",,"80","95","82","60","82","75","https://images.wikidexcdn.net/mwuploads/wikidex/thumb/3/33/latest/20251020085001/Tipo_normal_LPZA.png/75px-Tipo_normal_LPZA.png","Garbodor"
"garchomp","Garchomp","Garchomp","Dragón","Tierra","108","130","95","80","85","102","https://images.wikidexcdn.net/mwuploads/wikidex/thumb/3/33/latest/20251020085001/Tipo_normal_LPZA.png/75px-Tipo_normal_LPZA.png","Garchomp"
"gardevoir","Gardevoir","Gardevoir","Psíquico","Hada","68","65","65","125","115","80","https://images.wikidexcdn.net/mwuploads/wikidex/thumb/3/33/latest/20251020085001/Tipo_normal_LPZA.png/75px-Tipo_normal_LPZA.png","Gardevoir"
"garganacl","Garganacl","Garganacl","Roca",,"100","100","130","45","90","35","https://images.wikidexcdn.net/mwuploads/wikidex/thumb/3/33/latest/20251020085001/Tipo_normal_LPZA.png/75px-Tipo_normal_LPZA.png","Garganacl"
"gastly","Gastly","Gastly","Fantasma","Veneno","30","35","30","100","35","80","https://images.wikidexcdn.net/mwuploads/wikidex/thumb/3/3f/latest/20251020084849/Tipo_veneno_LPZA.png/80px-Tipo_veneno_LPZA.png","Gastly"
"gastrodon","Gastrodon","Gastrodon","Agua","Tierra","111","83","68","92","82","39","https://images.wikidexcdn.net/mwuploads/wikidex/thumb/4/4c/latest/20251020084900/Tipo_roca_LPZA.png/80px-Tipo_roca_LPZA.png","Gastrodon"
"genesect","Genesect","Genesect","Bicho","Acero","71","120","95","120","95","99","https://images.wikidexcdn.net/mwuploads/wikidex/9/9f/latest/20260306180702/Quinta_generaci%C3%B3n.svg","Genesect"
"gengar","Gengar","Gengar","Fantasma","Veneno","60","65","60","130","75","110","https://images.wikidexcdn.net/mwuploads/wikidex/thumb/3/33/latest/20251020085001/Tipo_normal_LPZA.png/75px-Tipo_normal_LPZA.png","Gengar"
"geodude","Geodude","Geodude","Roca","Tierra","40","80","100","30","30","20","https://images.wikidexcdn.net/mwuploads/wikidex/thumb/3/33/latest/20251020085001/Tipo_normal_LPZA.png/80px-Tipo_normal_LPZA.png","Geodude"
"geodude-de-alola","Geodude de Alola","Geodude","Roca","Eléctrico","40","80","100","30","30","20","https://images.wikidexcdn.net/mwuploads/wikidex/a/a6/latest/20260306153527/S%C3%A9ptima_generaci%C3%B3n.svg","Geodude_de_Alola"
"gholdengo","Gholdengo","Gholdengo","Acero","Fantasma","87","60","95","133","91","84","https://images.wikidexcdn.net/mwuploads/wikidex/thumb/3/33/latest/20251020085001/Tipo_normal_LPZA.png/75px-Tipo_normal_LPZA.png","Gholdengo"
"gible","Gible","Gible","Dragón","Tierra","58","70","45","40","45","42","https://images.wikidexcdn.net/mwuploads/wikidex/thumb/3/33/latest/20251020085001/Tipo_normal_LPZA.png/80px-Tipo_normal_LPZA.png","Gible"
"gigalith","Gigalith","Gigalith","Roca",,"85","135","130","60","80","25","https://images.wikidexcdn.net/mwuploads/wikidex/thumb/3/33/latest/20251020085001/Tipo_normal_LPZA.png/80px-Tipo_normal_LPZA.png","Gigalith"
"gimmighoul-forma-andante","Gimmighoul forma andante","Gimmighoul","Fantasma",,"45","30","25","75","45","80","https://images.wikidexcdn.net/mwuploads/wikidex/thumb/7/74/latest/20221106182546/Gimmighoul.png/200px-Gimmighoul.png","Gimmighoul"
"gimmighoul-forma-cofre","Gimmighoul forma cofre","Gimmighoul","Fantasma",,"45","30","70","75","70","10","https://images.wikidexcdn.net/mwuploads/wikidex/thumb/b/ba/latest/20251020084937/Tipo_ps%C3%ADquico_LPZA.png/75px-Tipo_ps%C3%ADquico_LPZA.png","Gimmighoul"
"girafarig","Girafarig","Girafarig","Normal","Psíquico","70","80","65","90","65","85","https://images.wikidexcdn.net/mwuploads/wikidex/thumb/b/ba/latest/20251020084937/Tipo_ps%C3%ADquico_LPZA.png/80px-Tipo_ps%C3%ADquico_LPZA.png","Girafarig"
"glaceon","Glaceon","Glaceon","Hielo",,"65","60","110","130","95","65","https://images.wikidexcdn.net/mwuploads/wikidex/thumb/3/33/latest/20251020085001/Tipo_normal_LPZA.png/75px-Tipo_normal_LPZA.png","Glaceon"
"glalie","Glalie","Glalie","Hielo",,"80","80","80","80","80","80","https://images.wikidexcdn.net/mwuploads/wikidex/thumb/3/33/latest/20251020085001/Tipo_normal_LPZA.png/75px-Tipo_normal_LPZA.png","Glalie"
"glameow","Glameow","Glameow","Normal",,"49","55","42","42","37","85","https://images.wikidexcdn.net/mwuploads/wikidex/thumb/5/5e/latest/20251020084951/Tipo_siniestro_LPZA.png/80px-Tipo_siniestro_LPZA.png","Glameow"
"glastrier","Glastrier","Glastrier","Hielo",,"100","145","130","65","110","30","https://images.wikidexcdn.net/mwuploads/wikidex/4/4b/latest/20260306153545/Octava_generaci%C3%B3n.svg","Glastrier"
"gligar","Gligar","Gligar","Tierra","Volador","65","75","105","35","65","85","https://images.wikidexcdn.net/mwuploads/wikidex/thumb/c/cc/latest/20251020084843/Tipo_volador_LPZA.png/80px-Tipo_volador_LPZA.png","Gligar"
"glimmet","Glimmet","Glimmet","Roca","Veneno","48","35","42","105","60","60","https://images.wikidexcdn.net/mwuploads/wikidex/8/8c/latest/20260306153605/Novena_generaci%C3%B3n.svg","Glimmet"
"glimmora","Glimmora","Glimmora","Roca","Veneno","83","55","90","130","81","86","https://images.wikidexcdn.net/mwuploads/wikidex/thumb/3/33/latest/20251020085001/Tipo_normal_LPZA.png/75px-Tipo_normal_LPZA.png","Glimmora"
"Mega-Glimmora","Mega-Glimmora","Glimmora","Roca","Veneno","83","90","105","150","96","101","https://images.wikidexcdn.net/mwuploads/wikidex/thumb/3/33/latest/20251020085001/Tipo_normal_LPZA.png/75px-Tipo_normal_LPZA.png","Glimmora"
"gliscor","Gliscor","Gliscor","Tierra","Volador","75","95","125","45","75","95","https://images.wikidexcdn.net/mwuploads/wikidex/thumb/3/33/latest/20251020085001/Tipo_normal_LPZA.png/75px-Tipo_normal_LPZA.png","Gliscor"
"gloom","Gloom","Gloom","Planta","Veneno","60","65","70","85","75","40","https://images.wikidexcdn.net/mwuploads/wikidex/4/4a/latest/20260306153335/Tercera_generaci%C3%B3n.svg","Gloom"
"gogoat","Gogoat","Gogoat","Planta",,"123","100","62","97","81","68","https://images.wikidexcdn.net/mwuploads/wikidex/9/9e/latest/20260306153505/Sexta_generaci%C3%B3n.svg","Gogoat"
"golbat","Golbat","Golbat","Veneno","Volador","75","80","70","65","75","90","https://images.wikidexcdn.net/mwuploads/wikidex/thumb/3/33/latest/20251020085001/Tipo_normal_LPZA.png/80px-Tipo_normal_LPZA.png","Golbat"
"goldeen","Goldeen","Goldeen","Agua",,"45","67","60","35","50","63","https://images.wikidexcdn.net/mwuploads/wikidex/thumb/b/ba/latest/20251020084937/Tipo_ps%C3%ADquico_LPZA.png/80px-Tipo_ps%C3%ADquico_LPZA.png","Goldeen"
"golduck","Golduck","Golduck","Agua",,"80","82","78","95","80","85","https://images.wikidexcdn.net/mwuploads/wikidex/thumb/3/33/latest/20251020085001/Tipo_normal_LPZA.png/80px-Tipo_normal_LPZA.png","Golduck"
"golem","Golem","Golem","Roca","Tierra","80","120","130","55","65","45","https://images.wikidexcdn.net/mwuploads/wikidex/thumb/3/33/latest/20251020085001/Tipo_normal_LPZA.png/80px-Tipo_normal_LPZA.png","Golem"
"golem-de-alola","Golem de Alola","Golem","Roca","Eléctrico","80","120","130","55","65","45","https://images.wikidexcdn.net/mwuploads/wikidex/thumb/3/33/latest/20251020085001/Tipo_normal_LPZA.png/80px-Tipo_normal_LPZA.png","Golem_de_Alola"
"golett","Golett","Golett","Tierra","Fantasma","59","74","50","35","50","35","https://images.wikidexcdn.net/mwuploads/wikidex/9/9f/latest/20260306180702/Quinta_generaci%C3%B3n.svg","Golett"
"golisopod","Golisopod","Golisopod","Bicho","Agua","75","125","140","60","90","40","https://images.wikidexcdn.net/mwuploads/wikidex/a/a6/latest/20260306153527/S%C3%A9ptima_generaci%C3%B3n.svg","Golisopod"
"Mega-Golisopod","Mega-Golisopod","Golisopod","Bicho","Acero","75","150","175","70","120","40","https://images.wikidexcdn.net/mwuploads/wikidex/a/a6/latest/20260306153527/S%C3%A9ptima_generaci%C3%B3n.svg","Golisopod"
"golurk","Golurk","Golurk","Tierra","Fantasma","89","124","80","55","80","55","https://images.wikidexcdn.net/mwuploads/wikidex/thumb/3/33/latest/20251020085001/Tipo_normal_LPZA.png/75px-Tipo_normal_LPZA.png","Golurk"
"Mega-Golurk","Mega-Golurk","Golurk","Tierra","Fantasma","89","159","105","70","105","55","https://images.wikidexcdn.net/mwuploads/wikidex/thumb/3/33/latest/20251020085001/Tipo_normal_LPZA.png/75px-Tipo_normal_LPZA.png","Golurk"
"goodra","Goodra","Goodra","Dragón",,"90","100","70","110","150","80","https://images.wikidexcdn.net/mwuploads/wikidex/thumb/3/33/latest/20251020085001/Tipo_normal_LPZA.png/75px-Tipo_normal_LPZA.png","Goodra"
"goodra-de-hisui","Goodra de Hisui","Goodra","Acero","Dragón","80","100","100","110","150","60","https://images.wikidexcdn.net/mwuploads/wikidex/thumb/3/33/latest/20251020085001/Tipo_normal_LPZA.png/75px-Tipo_normal_LPZA.png","Goodra_de_Hisui"
"goomy","Goomy","Goomy","Dragón",,"45","50","35","55","75","40","https://images.wikidexcdn.net/mwuploads/wikidex/9/9e/latest/20260306153505/Sexta_generaci%C3%B3n.svg","Goomy"
"gorebyss","Gorebyss","Gorebyss","Agua",,"55","84","105","114","75","52","https://images.wikidexcdn.net/mwuploads/wikidex/4/4a/latest/20260306153335/Tercera_generaci%C3%B3n.svg","Gorebyss"
"gossifleur","Gossifleur","Gossifleur","Planta",,"40","40","60","40","60","10","https://images.wikidexcdn.net/mwuploads/wikidex/4/4b/latest/20260306153545/Octava_generaci%C3%B3n.svg","Gossifleur"
"gothita","Gothita","Gothita","Psíquico",,"45","30","50","55","65","45","https://images.wikidexcdn.net/mwuploads/wikidex/9/9f/latest/20260306180702/Quinta_generaci%C3%B3n.svg","Gothita"
"gothitelle","Gothitelle","Gothitelle","Psíquico",,"70","55","95","95","110","65","https://images.wikidexcdn.net/mwuploads/wikidex/9/9f/latest/20260306180702/Quinta_generaci%C3%B3n.svg","Gothitelle"
"gothorita","Gothorita","Gothorita","Psíquico",,"60","45","70","75","85","55","https://images.wikidexcdn.net/mwuploads/wikidex/9/9f/latest/20260306180702/Quinta_generaci%C3%B3n.svg","Gothorita"
"grafaiai","Grafaiai","Grafaiai","Veneno","Normal","63","95","65","80","72","110","https://images.wikidexcdn.net/mwuploads/wikidex/thumb/3/3f/latest/20251020084849/Tipo_veneno_LPZA.png/75px-Tipo_veneno_LPZA.png","Grafaiai"
"granbull","Granbull","Granbull","Hada",,"90","120","75","60","60","45","https://images.wikidexcdn.net/mwuploads/wikidex/thumb/c/c6/latest/20251020084932/Tipo_el%C3%A9ctrico_LPZA.png/80px-Tipo_el%C3%A9ctrico_LPZA.png","Granbull"
"grapploct","Grapploct","Grapploct","Lucha",,"80","118","90","70","80","42","https://images.wikidexcdn.net/mwuploads/wikidex/4/4b/latest/20260306153545/Octava_generaci%C3%B3n.svg","Grapploct"
"graveler","Graveler","Graveler","Roca","Tierra","55","95","115","45","45","35","https://images.wikidexcdn.net/mwuploads/wikidex/thumb/3/33/latest/20251020085001/Tipo_normal_LPZA.png/80px-Tipo_normal_LPZA.png","Graveler"
"graveler-de-alola","Graveler de Alola","Graveler","Roca","Eléctrico","55","95","115","45","45","35","https://images.wikidexcdn.net/mwuploads/wikidex/thumb/3/33/latest/20251020085001/Tipo_normal_LPZA.png/80px-Tipo_normal_LPZA.png","Graveler_de_Alola"
"greavard","Greavard","Greavard","Fantasma",,"50","61","60","30","55","34","https://images.wikidexcdn.net/mwuploads/wikidex/8/8c/latest/20260306153605/Novena_generaci%C3%B3n.svg","Greavard"
"greedent","Greedent","Greedent","Normal",,"120","95","95","55","75","20","https://images.wikidexcdn.net/mwuploads/wikidex/thumb/9/99/latest/20221208180705/Tipo_normal_EP.png/90px-Tipo_normal_EP.png","Greedent"
"greninja","Greninja","Greninja","Agua","Siniestro","72","95","67","103","71","122","https://images.wikidexcdn.net/mwuploads/wikidex/thumb/3/33/latest/20251020085001/Tipo_normal_LPZA.png/75px-Tipo_normal_LPZA.png","Greninja"
"greninja-ash","Greninja Ash","Greninja","Agua","Siniestro","72","145","67","153","71","132","https://images.wikidexcdn.net/mwuploads/wikidex/thumb/3/33/latest/20251020085001/Tipo_normal_LPZA.png/75px-Tipo_normal_LPZA.png","Greninja"
"grimer","Grimer","Grimer","Veneno",,"80","80","50","40","50","25","https://images.wikidexcdn.net/mwuploads/wikidex/thumb/3/33/latest/20251020085001/Tipo_normal_LPZA.png/80px-Tipo_normal_LPZA.png","Grimer"
"grimer-de-alola","Grimer de Alola","Grimer","Veneno","Siniestro","80","80","50","40","50","25","https://images.wikidexcdn.net/mwuploads/wikidex/a/a6/latest/20260306153527/S%C3%A9ptima_generaci%C3%B3n.svg","Grimer_de_Alola"
"grimmsnarl","Grimmsnarl","Grimmsnarl","Siniestro","Hada","95","120","65","95","75","60","https://images.wikidexcdn.net/mwuploads/wikidex/thumb/3/33/latest/20251020085001/Tipo_normal_LPZA.png/75px-Tipo_normal_LPZA.png","Grimmsnarl"
"grookey","Grookey","Grookey","Planta",,"50","65","50","40","40","65","https://images.wikidexcdn.net/mwuploads/wikidex/4/4b/latest/20260306153545/Octava_generaci%C3%B3n.svg","Grookey"
"grotle","Grotle","Grotle","Planta",,"75","89","85","55","65","36","https://images.wikidexcdn.net/mwuploads/wikidex/thumb/7/7b/latest/20251020084928/Tipo_planta_LPZA.png/80px-Tipo_planta_LPZA.png","Grotle"
"groudon","Groudon","Groudon","Tierra",,"100","150","140","100","90","90","https://images.wikidexcdn.net/mwuploads/wikidex/4/4a/latest/20260306153335/Tercera_generaci%C3%B3n.svg","Groudon"
"Groudon primigenio","Groudon primigenio","Groudon","Tierra",,"100","180","160","150","90","90","https://images.wikidexcdn.net/mwuploads/wikidex/thumb/d/d5/latest/20150621183212/Groudon.png/200px-Groudon.png","Groudon"
"grovyle","Grovyle","Grovyle","Planta",,"50","65","45","85","65","95","https://images.wikidexcdn.net/mwuploads/wikidex/thumb/2/2e/latest/20251020124236/Tipo_pelea_LPZA.png/80px-Tipo_pelea_LPZA.png","Grovyle"
"growlithe","Growlithe","Growlithe","Fuego",,"55","70","45","70","50","60","https://images.wikidexcdn.net/mwuploads/wikidex/thumb/d/df/latest/20251020084956/Tipo_hada_LPZA.png/80px-Tipo_hada_LPZA.png","Growlithe"
"growlithe-de-hisui","Growlithe de Hisui","Growlithe","Fuego",,"60","75","45","65","50","55","https://images.wikidexcdn.net/mwuploads/wikidex/8/8c/latest/20260306153605/Novena_generaci%C3%B3n.svg","Growlithe_de_Hisui"
"grubbin","Grubbin","Grubbin","Bicho",,"47","62","45","55","45","46","https://images.wikidexcdn.net/mwuploads/wikidex/a/a6/latest/20260306153527/S%C3%A9ptima_generaci%C3%B3n.svg","Grubbin"
"grumpig","Grumpig","Grumpig","Psíquico",,"80","45","65","90","110","80","https://images.wikidexcdn.net/mwuploads/wikidex/thumb/b/ba/latest/20251020084937/Tipo_ps%C3%ADquico_LPZA.png/80px-Tipo_ps%C3%ADquico_LPZA.png","Grumpig"
"gulpin","Gulpin","Gulpin","Veneno",,"70","43","53","43","53","40","https://images.wikidexcdn.net/mwuploads/wikidex/thumb/3/33/latest/20251020085001/Tipo_normal_LPZA.png/80px-Tipo_normal_LPZA.png","Gulpin"
"gumshoos","Gumshoos","Gumshoos","Normal",,"88","110","60","55","60","45","https://images.wikidexcdn.net/mwuploads/wikidex/a/a6/latest/20260306153527/S%C3%A9ptima_generaci%C3%B3n.svg","Gumshoos"
"gurdurr","Gurdurr","Gurdurr","Lucha",,"85","105","85","40","50","40","https://images.wikidexcdn.net/mwuploads/wikidex/thumb/3/33/latest/20251020085001/Tipo_normal_LPZA.png/80px-Tipo_normal_LPZA.png","Gurdurr"
"guzzlord","Guzzlord","Guzzlord","Siniestro","Dragón","223","101","53","97","53","43","https://images.wikidexcdn.net/mwuploads/wikidex/a/a6/latest/20260306153527/S%C3%A9ptima_generaci%C3%B3n.svg","Guzzlord"
"gyarados","Gyarados","Gyarados","Agua","Volador","95","125","79","60","100","81","https://images.wikidexcdn.net/mwuploads/wikidex/thumb/3/33/latest/20251020085001/Tipo_normal_LPZA.png/75px-Tipo_normal_LPZA.png","Gyarados"
"hakamo-o","Hakamo-o","Hakamo-o","Dragón","Lucha","55","75","90","65","70","65","https://images.wikidexcdn.net/mwuploads/wikidex/a/a6/latest/20260306153527/S%C3%A9ptima_generaci%C3%B3n.svg","Hakamo-o"
"happiny","Happiny","Happiny","Normal",,"100","5","5","15","65","30","https://images.wikidexcdn.net/mwuploads/wikidex/thumb/3/33/latest/20251020085001/Tipo_normal_LPZA.png/80px-Tipo_normal_LPZA.png","Happiny"
"hariyama","Hariyama","Hariyama","Lucha",,"144","120","60","40","60","50","https://images.wikidexcdn.net/mwuploads/wikidex/thumb/2/2e/latest/20251020124236/Tipo_pelea_LPZA.png/80px-Tipo_pelea_LPZA.png","Hariyama"
"hatenna","Hatenna","Hatenna","Psíquico",,"42","30","45","56","53","39","https://images.wikidexcdn.net/mwuploads/wikidex/4/4b/latest/20260306153545/Octava_generaci%C3%B3n.svg","Hatenna"
"hatterene","Hatterene","Hatterene","Psíquico","Hada","57","90","95","136","103","29","https://images.wikidexcdn.net/mwuploads/wikidex/thumb/3/33/latest/20251020085001/Tipo_normal_LPZA.png/75px-Tipo_normal_LPZA.png","Hatterene"
"hattrem","Hattrem","Hattrem","Psíquico",,"57","40","65","86","73","49","https://images.wikidexcdn.net/mwuploads/wikidex/4/4b/latest/20260306153545/Octava_generaci%C3%B3n.svg","Hattrem"
"haunter","Haunter","Haunter","Fantasma","Veneno","45","50","45","115","55","95","https://images.wikidexcdn.net/mwuploads/wikidex/thumb/3/33/latest/20251020085001/Tipo_normal_LPZA.png/80px-Tipo_normal_LPZA.png","Haunter"
"hawlucha","Hawlucha","Hawlucha","Lucha","Volador","78","92","75","74","63","118","https://images.wikidexcdn.net/mwuploads/wikidex/thumb/3/33/latest/20251020085001/Tipo_normal_LPZA.png/75px-Tipo_normal_LPZA.png","Hawlucha"
"haxorus","Haxorus","Haxorus","Dragón",,"76","147","90","60","70","97","https://images.wikidexcdn.net/mwuploads/wikidex/9/9f/latest/20260306180702/Quinta_generaci%C3%B3n.svg","Haxorus"
"heatmor","Heatmor","Heatmor","Fuego",,"85","97","66","105","66","65","https://images.wikidexcdn.net/mwuploads/wikidex/9/9f/latest/20260306180702/Quinta_generaci%C3%B3n.svg","Heatmor"
"heatran","Heatran","Heatran","Fuego","Acero","91","90","106","130","106","77","https://images.wikidexcdn.net/mwuploads/wikidex/thumb/9/97/latest/20251020084919/Tipo_fuego_LPZA.png/80px-Tipo_fuego_LPZA.png","Heatran"
"Mega-Heatran","Mega-Heatran","Heatran","Fuego","Acero","91","120","106","175","141","67","https://images.wikidexcdn.net/mwuploads/wikidex/thumb/9/97/latest/20251020084919/Tipo_fuego_LPZA.png/80px-Tipo_fuego_LPZA.png","Heatran"
"heliolisk","Heliolisk","Heliolisk","Eléctrico","Normal","62","55","52","109","94","109","https://images.wikidexcdn.net/mwuploads/wikidex/thumb/3/33/latest/20251020085001/Tipo_normal_LPZA.png/75px-Tipo_normal_LPZA.png","Heliolisk"
"helioptile","Helioptile","Helioptile","Eléctrico","Normal","44","38","33","61","43","70","https://images.wikidexcdn.net/mwuploads/wikidex/9/9e/latest/20260306153505/Sexta_generaci%C3%B3n.svg","Helioptile"
"heracross","Heracross","Heracross","Bicho","Lucha","80","125","75","40","95","85","https://images.wikidexcdn.net/mwuploads/wikidex/thumb/3/33/latest/20251020085001/Tipo_normal_LPZA.png/75px-Tipo_normal_LPZA.png","Heracross"
"Mega-Heracross","Mega-Heracross","Heracross","Bicho","Lucha","80","185","115","40","105","75","https://images.wikidexcdn.net/mwuploads/wikidex/thumb/3/33/latest/20251020085001/Tipo_normal_LPZA.png/75px-Tipo_normal_LPZA.png","Heracross"
"herdier","Herdier","Herdier","Normal",,"65","80","65","35","65","60","https://images.wikidexcdn.net/mwuploads/wikidex/thumb/3/33/latest/20251020085001/Tipo_normal_LPZA.png/80px-Tipo_normal_LPZA.png","Herdier"
"hippopotas","Hippopotas","Hippopotas","Tierra",,"68","72","78","38","42","32","https://images.wikidexcdn.net/mwuploads/wikidex/5/5a/latest/20260306180611/Cuarta_generaci%C3%B3n.svg","Hippopotas"
"hippowdon","Hippowdon","Hippowdon","Tierra",,"108","112","118","68","72","47","https://images.wikidexcdn.net/mwuploads/wikidex/thumb/3/33/latest/20251020085001/Tipo_normal_LPZA.png/75px-Tipo_normal_LPZA.png","Hippowdon"
"hitmonchan","Hitmonchan","Hitmonchan","Lucha",,"50","105","79","35","110","76","https://images.wikidexcdn.net/mwuploads/wikidex/thumb/3/33/latest/20251020085001/Tipo_normal_LPZA.png/80px-Tipo_normal_LPZA.png","Hitmonchan"
"hitmonlee","Hitmonlee","Hitmonlee","Lucha",,"50","120","53","35","110","87","https://images.wikidexcdn.net/mwuploads/wikidex/thumb/3/33/latest/20251020085001/Tipo_normal_LPZA.png/80px-Tipo_normal_LPZA.png","Hitmonlee"
"hitmontop","Hitmontop","Hitmontop","Lucha",,"50","95","95","35","110","70","https://images.wikidexcdn.net/mwuploads/wikidex/3/38/latest/20260306153303/Segunda_generaci%C3%B3n.svg","Hitmontop"
"ho-oh","Ho-Oh","Ho-Oh","Fuego","Volador","106","130","90","110","154","90","https://images.wikidexcdn.net/mwuploads/wikidex/thumb/3/33/latest/20251020085001/Tipo_normal_LPZA.png/80px-Tipo_normal_LPZA.png","Ho-Oh"
"honchkrow","Honchkrow","Honchkrow","Siniestro","Volador","100","125","52","105","52","71","https://images.wikidexcdn.net/mwuploads/wikidex/thumb/c/cc/latest/20251020084843/Tipo_volador_LPZA.png/80px-Tipo_volador_LPZA.png","Honchkrow"
"honedge","Honedge","Honedge","Acero","Fantasma","45","80","100","35","37","28","https://images.wikidexcdn.net/mwuploads/wikidex/9/9e/latest/20260306153505/Sexta_generaci%C3%B3n.svg","Honedge"
"hoopa-contenido","Hoopa contenido","Hoopa","Psíquico","Fantasma","80","110","60","150","130","70","https://images.wikidexcdn.net/mwuploads/wikidex/9/9e/latest/20260306153505/Sexta_generaci%C3%B3n.svg","Hoopa"
"hoopa-desatado","Hoopa desatado","Hoopa","Psíquico","Fantasma","80","160","60","170","130","80","https://images.wikidexcdn.net/mwuploads/wikidex/thumb/2/21/latest/20150915101920/Hoopa.png/200px-Hoopa.png","Hoopa"
"hoothoot","Hoothoot","Hoothoot","Normal","Volador","60","30","30","36","56","50","https://images.wikidexcdn.net/mwuploads/wikidex/thumb/8/89/latest/20251020084910/Tipo_fantasma_LPZA.png/80px-Tipo_fantasma_LPZA.png","Hoothoot"
"hoppip","Hoppip","Hoppip","Planta","Volador","35","35","40","35","55","50","https://images.wikidexcdn.net/mwuploads/wikidex/thumb/3/33/latest/20251020085001/Tipo_normal_LPZA.png/80px-Tipo_normal_LPZA.png","Hoppip"
"horsea","Horsea","Horsea","Agua",,"30","40","70","70","25","60","https://images.wikidexcdn.net/mwuploads/wikidex/thumb/9/97/latest/20251020084923/Tipo_agua_LPZA.png/80px-Tipo_agua_LPZA.png","Horsea"
"houndoom","Houndoom","Houndoom","Siniestro","Fuego","75","90","50","110","80","95","https://images.wikidexcdn.net/mwuploads/wikidex/thumb/3/33/latest/20251020085001/Tipo_normal_LPZA.png/75px-Tipo_normal_LPZA.png","Houndoom"
"houndour","Houndour","Houndour","Siniestro","Fuego","45","60","30","80","50","65","https://images.wikidexcdn.net/mwuploads/wikidex/thumb/d/df/latest/20251020084956/Tipo_hada_LPZA.png/80px-Tipo_hada_LPZA.png","Houndour"
"houndstone","Houndstone","Houndstone","Fantasma",,"72","101","100","50","97","68","https://images.wikidexcdn.net/mwuploads/wikidex/thumb/3/33/latest/20251020085001/Tipo_normal_LPZA.png/75px-Tipo_normal_LPZA.png","Houndstone"
"huntail","Huntail","Huntail","Agua",,"55","104","105","94","75","52","https://images.wikidexcdn.net/mwuploads/wikidex/thumb/3/33/latest/20251020085001/Tipo_normal_LPZA.png/80px-Tipo_normal_LPZA.png","Huntail"
"hydrapple","Hydrapple","Hydrapple","Planta","Dragón","106","80","110","120","80","44","https://images.wikidexcdn.net/mwuploads/wikidex/thumb/3/33/latest/20251020085001/Tipo_normal_LPZA.png/75px-Tipo_normal_LPZA.png","Hydrapple"
"hydreigon","Hydreigon","Hydreigon","Siniestro","Dragón","92","105","90","125","90","98","https://images.wikidexcdn.net/mwuploads/wikidex/thumb/3/33/latest/20251020085001/Tipo_normal_LPZA.png/75px-Tipo_normal_LPZA.png","Hydreigon"
"hypno","Hypno","Hypno","Psíquico",,"85","73","70","73","115","67","https://images.wikidexcdn.net/mwuploads/wikidex/thumb/3/33/latest/20251020085001/Tipo_normal_LPZA.png/80px-Tipo_normal_LPZA.png","Hypno"
"igglybuff","Igglybuff","Igglybuff","Normal","Hada","90","30","15","40","20","15","https://images.wikidexcdn.net/mwuploads/wikidex/thumb/3/33/latest/20251020085001/Tipo_normal_LPZA.png/80px-Tipo_normal_LPZA.png","Igglybuff"
"illumise","Illumise","Illumise","Bicho",,"65","47","75","73","85","85","https://images.wikidexcdn.net/mwuploads/wikidex/4/4a/latest/20260306153335/Tercera_generaci%C3%B3n.svg","Illumise"
"impidimp","Impidimp","Impidimp","Siniestro","Hada","45","45","30","55","40","50","https://images.wikidexcdn.net/mwuploads/wikidex/8/8c/latest/20260306153605/Novena_generaci%C3%B3n.svg","Impidimp"
"incineroar","Incineroar","Incineroar","Fuego","Siniestro","95","115","90","80","90","60","https://images.wikidexcdn.net/mwuploads/wikidex/thumb/3/33/latest/20251020085001/Tipo_normal_LPZA.png/75px-Tipo_normal_LPZA.png","Incineroar"
"indeedee-hembra","Indeedee hembra","Indeedee","Psíquico","Normal","70","55","65","95","105","85","https://images.wikidexcdn.net/mwuploads/wikidex/thumb/b/ba/latest/20251020084937/Tipo_ps%C3%ADquico_LPZA.png/80px-Tipo_ps%C3%ADquico_LPZA.png","Indeedee"
"indeedee-macho","Indeedee macho","Indeedee","Psíquico","Normal","60","65","55","105","95","95","https://images.wikidexcdn.net/mwuploads/wikidex/thumb/b/ba/latest/20251020084937/Tipo_ps%C3%ADquico_LPZA.png/80px-Tipo_ps%C3%ADquico_LPZA.png","Indeedee"
"infernape","Infernape","Infernape","Fuego","Lucha","76","104","71","104","71","108","https://images.wikidexcdn.net/mwuploads/wikidex/thumb/3/33/latest/20251020085001/Tipo_normal_LPZA.png/75px-Tipo_normal_LPZA.png","Infernape"
"inkay","Inkay","Inkay","Siniestro","Psíquico","53","54","53","37","46","45","https://images.wikidexcdn.net/mwuploads/wikidex/thumb/3/33/latest/20251020085001/Tipo_normal_LPZA.png/80px-Tipo_normal_LPZA.png","Inkay"
"inteleon","Inteleon","Inteleon","Agua",,"70","85","65","125","65","120","https://images.wikidexcdn.net/mwuploads/wikidex/7/70/latest/20260318173154/X4.svg","Inteleon"
"ivysaur","Ivysaur","Ivysaur","Planta","Veneno","60","62","63","80","80","60","https://images.wikidexcdn.net/mwuploads/wikidex/4/4a/latest/20260306153335/Tercera_generaci%C3%B3n.svg","Ivysaur"
"jangmo-o","Jangmo-o","Jangmo-o","Dragón",,"45","55","65","45","45","45","https://images.wikidexcdn.net/mwuploads/wikidex/a/a6/latest/20260306153527/S%C3%A9ptima_generaci%C3%B3n.svg","Jangmo-o"
"jellicent","Jellicent","Jellicent","Agua","Fantasma","100","60","70","85","105","60","https://images.wikidexcdn.net/mwuploads/wikidex/9/9f/latest/20260306180702/Quinta_generaci%C3%B3n.svg","Jellicent"
"jigglypuff","Jigglypuff","Jigglypuff","Normal","Hada","115","45","20","45","25","20","https://images.wikidexcdn.net/mwuploads/wikidex/3/38/latest/20260306153303/Segunda_generaci%C3%B3n.svg","Jigglypuff"
"jirachi","Jirachi","Jirachi","Acero","Psíquico","100","100","100","100","100","100","https://images.wikidexcdn.net/mwuploads/wikidex/thumb/3/3b/latest/20251020084947/Tipo_drag%C3%B3n_LPZA.png/80px-Tipo_drag%C3%B3n_LPZA.png","Jirachi"
"jolteon","Jolteon","Jolteon","Eléctrico",,"65","65","60","110","95","130","https://images.wikidexcdn.net/mwuploads/wikidex/thumb/3/33/latest/20251020085001/Tipo_normal_LPZA.png/75px-Tipo_normal_LPZA.png","Jolteon"
"joltik","Joltik","Joltik","Bicho","Eléctrico","50","47","50","57","50","65","https://images.wikidexcdn.net/mwuploads/wikidex/9/9f/latest/20260306180702/Quinta_generaci%C3%B3n.svg","Joltik"
"jumpluff","Jumpluff","Jumpluff","Planta","Volador","75","55","70","55","95","110","https://images.wikidexcdn.net/mwuploads/wikidex/thumb/3/33/latest/20251020085001/Tipo_normal_LPZA.png/80px-Tipo_normal_LPZA.png","Jumpluff"
"jynx","Jynx","Jynx","Hielo","Psíquico","65","50","35","115","95","95","https://images.wikidexcdn.net/mwuploads/wikidex/3/38/latest/20260306153303/Segunda_generaci%C3%B3n.svg","Jynx"
"kabuto","Kabuto","Kabuto","Roca","Agua","30","80","90","55","45","55","https://images.wikidexcdn.net/mwuploads/wikidex/thumb/3/33/latest/20251020085001/Tipo_normal_LPZA.png/80px-Tipo_normal_LPZA.png","Kabuto"
"kabutops","Kabutops","Kabutops","Roca","Agua","60","115","105","65","70","80","https://images.wikidexcdn.net/mwuploads/wikidex/3/38/latest/20260306153303/Segunda_generaci%C3%B3n.svg","Kabutops"
"kadabra","Kadabra","Kadabra","Psíquico",,"40","35","30","120","70","105","https://images.wikidexcdn.net/mwuploads/wikidex/thumb/3/33/latest/20251020085001/Tipo_normal_LPZA.png/80px-Tipo_normal_LPZA.png","Kadabra"
"kakuna","Kakuna","Kakuna","Bicho","Veneno","45","25","50","25","25","35","https://images.wikidexcdn.net/mwuploads/wikidex/5/5a/latest/20260306180611/Cuarta_generaci%C3%B3n.svg","Kakuna"
"kangaskhan","Kangaskhan","Kangaskhan","Normal",,"105","95","80","40","80","90","https://images.wikidexcdn.net/mwuploads/wikidex/thumb/3/33/latest/20251020085001/Tipo_normal_LPZA.png/75px-Tipo_normal_LPZA.png","Kangaskhan"
"karrablast","Karrablast","Karrablast","Bicho",,"50","75","45","40","45","60","https://images.wikidexcdn.net/mwuploads/wikidex/9/9f/latest/20260306180702/Quinta_generaci%C3%B3n.svg","Karrablast"
"kartana","Kartana","Kartana","Planta","Acero","59","181","131","59","31","109","https://images.wikidexcdn.net/mwuploads/wikidex/a/a6/latest/20260306153527/S%C3%A9ptima_generaci%C3%B3n.svg","Kartana"
"kecleon","Kecleon","Kecleon","Normal",,"60","90","70","60","120","40","https://images.wikidexcdn.net/mwuploads/wikidex/thumb/3/33/latest/20251020085001/Tipo_normal_LPZA.png/80px-Tipo_normal_LPZA.png","Kecleon"
"keldeo","Keldeo","Keldeo","Agua","Lucha","91","72","90","129","90","108","https://images.wikidexcdn.net/mwuploads/wikidex/9/9f/latest/20260306180702/Quinta_generaci%C3%B3n.svg","Keldeo"
"kilowattrel","Kilowattrel","Kilowattrel","Eléctrico","Volador","70","70","60","105","60","125","https://images.wikidexcdn.net/mwuploads/wikidex/thumb/9/99/latest/20221208180705/Tipo_normal_EP.png/90px-Tipo_normal_EP.png","Kilowattrel"
"kingambit","Kingambit","Kingambit","Siniestro","Acero","100","135","120","60","85","50","https://images.wikidexcdn.net/mwuploads/wikidex/thumb/3/33/latest/20251020085001/Tipo_normal_LPZA.png/75px-Tipo_normal_LPZA.png","Kingambit"
"kingdra","Kingdra","Kingdra","Agua","Dragón","75","95","95","95","95","85","https://images.wikidexcdn.net/mwuploads/wikidex/3/38/latest/20260306153303/Segunda_generaci%C3%B3n.svg","Kingdra"
"kingler","Kingler","Kingler","Agua",,"55","130","115","50","50","75","https://images.wikidexcdn.net/mwuploads/wikidex/3/38/latest/20260306153303/Segunda_generaci%C3%B3n.svg","Kingler"
"kirlia","Kirlia","Kirlia","Psíquico","Hada","38","35","35","65","55","50","https://images.wikidexcdn.net/mwuploads/wikidex/thumb/3/33/latest/20251020085001/Tipo_normal_LPZA.png/80px-Tipo_normal_LPZA.png","Kirlia"
"klang","Klang","Klang","Acero",,"60","80","95","70","85","50","https://images.wikidexcdn.net/mwuploads/wikidex/9/9f/latest/20260306180702/Quinta_generaci%C3%B3n.svg","Klang"
"klawf","Klawf","Klawf","Roca",,"70","100","115","35","55","75","https://images.wikidexcdn.net/mwuploads/wikidex/8/8c/latest/20260306153605/Novena_generaci%C3%B3n.svg","Klawf"
"kleavor","Kleavor","Kleavor","Bicho","Roca","70","135","95","45","70","85","https://images.wikidexcdn.net/mwuploads/wikidex/thumb/3/33/latest/20251020085001/Tipo_normal_LPZA.png/75px-Tipo_normal_LPZA.png","Kleavor"
"klefki","Klefki","Klefki","Acero","Hada","57","80","91","80","87","75","https://images.wikidexcdn.net/mwuploads/wikidex/thumb/3/33/latest/20251020085001/Tipo_normal_LPZA.png/75px-Tipo_normal_LPZA.png","Klefki"
"klink","Klink","Klink","Acero",,"40","55","70","45","60","30","https://images.wikidexcdn.net/mwuploads/wikidex/9/9f/latest/20260306180702/Quinta_generaci%C3%B3n.svg","Klink"
"klinklang","Klinklang","Klinklang","Acero",,"60","100","115","70","85","90","https://images.wikidexcdn.net/mwuploads/wikidex/9/9f/latest/20260306180702/Quinta_generaci%C3%B3n.svg","Klinklang"
"koffing","Koffing","Koffing","Veneno",,"40","65","95","60","45","35","https://images.wikidexcdn.net/mwuploads/wikidex/thumb/5/5e/latest/20251020084951/Tipo_siniestro_LPZA.png/80px-Tipo_siniestro_LPZA.png","Koffing"
"komala","Komala","Komala","Normal",,"65","115","65","75","95","65","https://images.wikidexcdn.net/mwuploads/wikidex/a/a6/latest/20260306153527/S%C3%A9ptima_generaci%C3%B3n.svg","Komala"
"kommo-o","Kommo-o","Kommo-o","Dragón","Lucha","75","110","125","100","105","85","https://images.wikidexcdn.net/mwuploads/wikidex/thumb/3/33/latest/20251020085001/Tipo_normal_LPZA.png/75px-Tipo_normal_LPZA.png","Kommo-o"
"koraidon","Koraidon","Koraidon","Lucha","Dragón","100","135","115","85","100","135","https://images.wikidexcdn.net/mwuploads/wikidex/thumb/9/99/latest/20221208180705/Tipo_normal_EP.png/90px-Tipo_normal_EP.png","Koraidon"
"krabby","Krabby","Krabby","Agua",,"30","105","90","25","25","50","https://images.wikidexcdn.net/mwuploads/wikidex/thumb/b/ba/latest/20251020084937/Tipo_ps%C3%ADquico_LPZA.png/80px-Tipo_ps%C3%ADquico_LPZA.png","Krabby"
"kricketot","Kricketot","Kricketot","Bicho",,"37","25","41","25","41","25","https://images.wikidexcdn.net/mwuploads/wikidex/thumb/3/33/latest/20251020085001/Tipo_normal_LPZA.png/80px-Tipo_normal_LPZA.png","Kricketot"
"kricketune","Kricketune","Kricketune","Bicho",,"77","85","51","55","51","65","https://images.wikidexcdn.net/mwuploads/wikidex/thumb/3/33/latest/20251020085001/Tipo_normal_LPZA.png/80px-Tipo_normal_LPZA.png","Kricketune"
"krokorok","Krokorok","Krokorok","Tierra","Siniestro","60","82","45","45","45","74","https://images.wikidexcdn.net/mwuploads/wikidex/thumb/9/97/latest/20251020084923/Tipo_agua_LPZA.png/80px-Tipo_agua_LPZA.png","Krokorok"
"krookodile","Krookodile","Krookodile","Tierra","Siniestro","95","117","80","65","70","92","https://images.wikidexcdn.net/mwuploads/wikidex/thumb/3/33/latest/20251020085001/Tipo_normal_LPZA.png/75px-Tipo_normal_LPZA.png","Krookodile"
"kubfu","Kubfu","Kubfu","Lucha",,"60","90","60","53","50","72","https://images.wikidexcdn.net/mwuploads/wikidex/thumb/2/2e/latest/20251020124236/Tipo_pelea_LPZA.png/80px-Tipo_pelea_LPZA.png","Kubfu"
"kyogre","Kyogre","Kyogre","Agua",,"100","100","90","150","140","90","https://images.wikidexcdn.net/mwuploads/wikidex/4/4a/latest/20260306153335/Tercera_generaci%C3%B3n.svg","Kyogre"
"Kyogre primigenio","Kyogre primigenio","Kyogre","Agua",,"100","150","90","180","160","90","https://images.wikidexcdn.net/mwuploads/wikidex/thumb/f/f3/latest/20150621183339/Kyogre.png/200px-Kyogre.png","Kyogre"
"kyurem","Kyurem","Kyurem","Dragón","Hielo","125","130","90","130","90","95","https://images.wikidexcdn.net/mwuploads/wikidex/thumb/3/32/latest/20251020084942/Tipo_hielo_LPZA.png/80px-Tipo_hielo_LPZA.png","Kyurem"
"kyurem-blanco","Kyurem blanco","Kyurem","Dragón","Hielo","125","120","90","170","100","95","https://images.wikidexcdn.net/mwuploads/wikidex/thumb/3/32/latest/20251020084942/Tipo_hielo_LPZA.png/80px-Tipo_hielo_LPZA.png","Kyurem"
"kyurem-negro","Kyurem negro","Kyurem","Dragón","Hielo","125","170","100","120","90","95","https://images.wikidexcdn.net/mwuploads/wikidex/thumb/f/f0/latest/20160510085327/Kyurem.png/200px-Kyurem.png","Kyurem"
"lairon","Lairon","Lairon","Acero","Roca","60","90","140","50","50","40","https://images.wikidexcdn.net/mwuploads/wikidex/4/4a/latest/20260306153335/Tercera_generaci%C3%B3n.svg","Lairon"
"lampent","Lampent","Lampent","Fantasma","Fuego","60","40","60","95","60","55","https://images.wikidexcdn.net/mwuploads/wikidex/9/9f/latest/20260306180702/Quinta_generaci%C3%B3n.svg","Lampent"
"lanturn","Lanturn","Lanturn","Agua","Eléctrico","125","58","58","76","76","67","https://images.wikidexcdn.net/mwuploads/wikidex/thumb/c/c6/latest/20251020084932/Tipo_el%C3%A9ctrico_LPZA.png/80px-Tipo_el%C3%A9ctrico_LPZA.png","Lanturn"
"lapras","Lapras","Lapras","Agua","Hielo","130","85","80","85","95","60","https://images.wikidexcdn.net/mwuploads/wikidex/thumb/3/33/latest/20251020085001/Tipo_normal_LPZA.png/80px-Tipo_normal_LPZA.png","Lapras"
"larvesta","Larvesta","Larvesta","Bicho","Fuego","55","85","55","50","55","60","https://images.wikidexcdn.net/mwuploads/wikidex/9/9f/latest/20260306180702/Quinta_generaci%C3%B3n.svg","Larvesta"
"larvitar","Larvitar","Larvitar","Roca","Tierra","50","64","50","45","50","41","https://images.wikidexcdn.net/mwuploads/wikidex/3/38/latest/20260306153303/Segunda_generaci%C3%B3n.svg","Larvitar"
"latias","Latias","Latias","Dragón","Psíquico","80","80","90","110","130","110","https://images.wikidexcdn.net/mwuploads/wikidex/thumb/e/e6/latest/20220604130404/Latias_HOME.png/100px-Latias_HOME.png","Latias"
"Mega-Latias","Mega-Latias","Latias","Dragón","Psíquico","80","100","120","140","150","110","https://images.wikidexcdn.net/mwuploads/wikidex/thumb/e/e6/latest/20220604130404/Latias_HOME.png/100px-Latias_HOME.png","Latias"
"latios","Latios","Latios","Dragón","Psíquico","80","90","80","130","110","110","https://images.wikidexcdn.net/mwuploads/wikidex/thumb/b/ba/latest/20251020084937/Tipo_ps%C3%ADquico_LPZA.png/80px-Tipo_ps%C3%ADquico_LPZA.png","Latios"
"Mega-Latios","Mega-Latios","Latios","Dragón","Psíquico","80","130","100","160","120","110","https://images.wikidexcdn.net/mwuploads/wikidex/thumb/b/ba/latest/20251020084937/Tipo_ps%C3%ADquico_LPZA.png/80px-Tipo_ps%C3%ADquico_LPZA.png","Latios"
"leafeon","Leafeon","Leafeon","Planta",,"65","110","130","60","65","95","https://images.wikidexcdn.net/mwuploads/wikidex/thumb/3/33/latest/20251020085001/Tipo_normal_LPZA.png/75px-Tipo_normal_LPZA.png","Leafeon"
"leavanny","Leavanny","Leavanny","Bicho","Planta","75","103","80","70","80","92","https://images.wikidexcdn.net/mwuploads/wikidex/thumb/7/71/latest/20251020124243/Tipo_insecto_LPZA.png/80px-Tipo_insecto_LPZA.png","Leavanny"
"lechonk","Lechonk","Lechonk","Normal",,"54","45","40","35","45","35","https://images.wikidexcdn.net/mwuploads/wikidex/8/8c/latest/20260306153605/Novena_generaci%C3%B3n.svg","Lechonk"
"ledian","Ledian","Ledian","Bicho","Volador","55","35","50","55","110","85","https://images.wikidexcdn.net/mwuploads/wikidex/thumb/3/33/latest/20251020085001/Tipo_normal_LPZA.png/80px-Tipo_normal_LPZA.png","Ledian"
"ledyba","Ledyba","Ledyba","Bicho","Volador","40","20","30","40","80","55","https://images.wikidexcdn.net/mwuploads/wikidex/thumb/3/33/latest/20251020085001/Tipo_normal_LPZA.png/80px-Tipo_normal_LPZA.png","Ledyba"
"lickilicky","Lickilicky","Lickilicky","Normal",,"110","85","95","80","95","50","https://images.wikidexcdn.net/mwuploads/wikidex/thumb/9/97/latest/20251020084923/Tipo_agua_LPZA.png/80px-Tipo_agua_LPZA.png","Lickilicky"
"lickitung","Lickitung","Lickitung","Normal",,"90","55","75","60","75","30","https://images.wikidexcdn.net/mwuploads/wikidex/thumb/3/33/latest/20251020085001/Tipo_normal_LPZA.png/80px-Tipo_normal_LPZA.png","Lickitung"
"liepard","Liepard","Liepard","Siniestro",,"64","88","50","88","50","106","https://images.wikidexcdn.net/mwuploads/wikidex/thumb/3/33/latest/20251020085001/Tipo_normal_LPZA.png/75px-Tipo_normal_LPZA.png","Liepard"
"lileep","Lileep","Lileep","Roca","Planta","66","41","77","61","87","23","https://images.wikidexcdn.net/mwuploads/wikidex/thumb/b/ba/latest/20251020084937/Tipo_ps%C3%ADquico_LPZA.png/80px-Tipo_ps%C3%ADquico_LPZA.png","Lileep"
"lilligant","Lilligant","Lilligant","Planta",,"70","60","75","110","75","90","https://images.wikidexcdn.net/mwuploads/wikidex/9/9f/latest/20260306180702/Quinta_generaci%C3%B3n.svg","Lilligant"
"lilligant-de-hisui","Lilligant de Hisui","Lilligant","Planta","Lucha","70","105","75","50","75","105","https://images.wikidexcdn.net/mwuploads/wikidex/thumb/b/ba/latest/20251020084937/Tipo_ps%C3%ADquico_LPZA.png/80px-Tipo_ps%C3%ADquico_LPZA.png","Lilligant_de_Hisui"
"lillipup","Lillipup","Lillipup","Normal",,"45","60","45","25","45","55","https://images.wikidexcdn.net/mwuploads/wikidex/9/9f/latest/20260306180702/Quinta_generaci%C3%B3n.svg","Lillipup"
"linoone","Linoone","Linoone","Normal",,"78","70","61","50","61","100","https://images.wikidexcdn.net/mwuploads/wikidex/thumb/3/33/latest/20251020085001/Tipo_normal_LPZA.png/80px-Tipo_normal_LPZA.png","Linoone"
"linoone-de-galar","Linoone de Galar","Linoone","Siniestro","Normal","78","70","61","50","61","100","https://images.wikidexcdn.net/mwuploads/wikidex/4/4b/latest/20260306153545/Octava_generaci%C3%B3n.svg","Linoone_de_Galar"
"litleo","Litleo","Litleo","Fuego","Normal","62","50","58","73","54","72","https://images.wikidexcdn.net/mwuploads/wikidex/9/9e/latest/20260306153505/Sexta_generaci%C3%B3n.svg","Litleo"
"litten","Litten","Litten","Fuego",,"45","65","40","60","40","70","https://images.wikidexcdn.net/mwuploads/wikidex/a/a6/latest/20260306153527/S%C3%A9ptima_generaci%C3%B3n.svg","Litten"
"litwick","Litwick","Litwick","Fantasma","Fuego","50","30","55","65","55","20","https://images.wikidexcdn.net/mwuploads/wikidex/9/9f/latest/20260306180702/Quinta_generaci%C3%B3n.svg","Litwick"
"lokix","Lokix","Lokix","Bicho","Siniestro","71","102","78","52","55","92","https://images.wikidexcdn.net/mwuploads/wikidex/thumb/9/99/latest/20221208180705/Tipo_normal_EP.png/90px-Tipo_normal_EP.png","Lokix"
"lombre","Lombre","Lombre","Agua","Planta","60","50","50","60","70","50","https://images.wikidexcdn.net/mwuploads/wikidex/thumb/3/33/latest/20251020085001/Tipo_normal_LPZA.png/80px-Tipo_normal_LPZA.png","Lombre"
"lopunny","Lopunny","Lopunny","Normal",,"65","76","84","54","96","105","https://images.wikidexcdn.net/mwuploads/wikidex/thumb/3/33/latest/20251020085001/Tipo_normal_LPZA.png/75px-Tipo_normal_LPZA.png","Lopunny"
"Mega-Lopunny","Mega-Lopunny","Lopunny","Normal","Lucha","65","136","94","54","96","135","https://images.wikidexcdn.net/mwuploads/wikidex/thumb/3/33/latest/20251020085001/Tipo_normal_LPZA.png/75px-Tipo_normal_LPZA.png","Lopunny"
"lotad","Lotad","Lotad","Agua","Planta","40","30","30","40","50","30","https://images.wikidexcdn.net/mwuploads/wikidex/thumb/9/97/latest/20251020084923/Tipo_agua_LPZA.png/80px-Tipo_agua_LPZA.png","Lotad"
"loudred","Loudred","Loudred","Normal",,"84","71","43","71","43","48","https://images.wikidexcdn.net/mwuploads/wikidex/thumb/2/2e/latest/20251020124236/Tipo_pelea_LPZA.png/80px-Tipo_pelea_LPZA.png","Loudred"
"lucario","Lucario","Lucario","Lucha","Acero","70","110","70","115","70","90","https://images.wikidexcdn.net/mwuploads/wikidex/thumb/3/33/latest/20251020085001/Tipo_normal_LPZA.png/75px-Tipo_normal_LPZA.png","Lucario"
"ludicolo","Ludicolo","Ludicolo","Agua","Planta","80","70","70","90","100","70","https://images.wikidexcdn.net/mwuploads/wikidex/thumb/2/2e/latest/20251020124236/Tipo_pelea_LPZA.png/80px-Tipo_pelea_LPZA.png","Ludicolo"
"lugia","Lugia","Lugia","Psíquico","Volador","106","90","130","90","154","110","https://images.wikidexcdn.net/mwuploads/wikidex/thumb/b/ba/latest/20251020084937/Tipo_ps%C3%ADquico_LPZA.png/80px-Tipo_ps%C3%ADquico_LPZA.png","Lugia"
"lumineon","Lumineon","Lumineon","Agua",,"69","69","76","69","86","91","https://images.wikidexcdn.net/mwuploads/wikidex/thumb/9/97/latest/20251020084923/Tipo_agua_LPZA.png/80px-Tipo_agua_LPZA.png","Lumineon"
"lunala","Lunala","Lunala","Psíquico","Fantasma","137","113","89","137","107","97","https://images.wikidexcdn.net/mwuploads/wikidex/thumb/2/20/latest/20171124235314/Lunalastal_Z_%28Dream_World%29.png/32px-Lunalastal_Z_%28Dream_World%29.png","Lunala"
"lunatone","Lunatone","Lunatone","Roca","Psíquico","90","55","65","95","85","70","https://images.wikidexcdn.net/mwuploads/wikidex/thumb/3/33/latest/20251020085001/Tipo_normal_LPZA.png/80px-Tipo_normal_LPZA.png","Lunatone"
"lurantis","Lurantis","Lurantis","Planta",,"70","105","90","80","90","45","https://images.wikidexcdn.net/mwuploads/wikidex/a/a6/latest/20260306153527/S%C3%A9ptima_generaci%C3%B3n.svg","Lurantis"
"luvdisc","Luvdisc","Luvdisc","Agua",,"43","30","55","40","65","97","https://images.wikidexcdn.net/mwuploads/wikidex/thumb/e/e4/latest/20251020084855/Tipo_tierra_LPZA.png/80px-Tipo_tierra_LPZA.png","Luvdisc"
"luxio","Luxio","Luxio","Eléctrico",,"60","85","49","60","49","60","https://images.wikidexcdn.net/mwuploads/wikidex/thumb/5/5e/latest/20251020084951/Tipo_siniestro_LPZA.png/80px-Tipo_siniestro_LPZA.png","Luxio"
"luxray","Luxray","Luxray","Eléctrico",,"80","120","79","95","79","70","https://images.wikidexcdn.net/mwuploads/wikidex/thumb/3/33/latest/20251020085001/Tipo_normal_LPZA.png/75px-Tipo_normal_LPZA.png","Luxray"
"mabosstiff","Mabosstiff","Mabosstiff","Siniestro",,"80","120","90","60","70","85","https://images.wikidexcdn.net/mwuploads/wikidex/thumb/3/33/latest/20251020085001/Tipo_normal_LPZA.png/75px-Tipo_normal_LPZA.png","Mabosstiff"
"machamp","Machamp","Machamp","Lucha",,"90","130","80","65","85","55","https://images.wikidexcdn.net/mwuploads/wikidex/thumb/3/33/latest/20251020085001/Tipo_normal_LPZA.png/75px-Tipo_normal_LPZA.png","Machamp"
"machoke","Machoke","Machoke","Lucha",,"80","100","70","50","60","45","https://images.wikidexcdn.net/mwuploads/wikidex/thumb/3/33/latest/20251020085001/Tipo_normal_LPZA.png/80px-Tipo_normal_LPZA.png","Machoke"
"machop","Machop","Machop","Lucha",,"70","80","50","35","35","35","https://images.wikidexcdn.net/mwuploads/wikidex/thumb/4/46/latest/20251020084914/Tipo_acero_LPZA.png/80px-Tipo_acero_LPZA.png","Machop"
"magby","Magby","Magby","Fuego",,"45","75","37","70","55","83","https://images.wikidexcdn.net/mwuploads/wikidex/thumb/3/33/latest/20251020085001/Tipo_normal_LPZA.png/80px-Tipo_normal_LPZA.png","Magby"
"magcargo","Magcargo","Magcargo","Fuego","Roca","60","50","120","90","80","30","https://images.wikidexcdn.net/mwuploads/wikidex/thumb/3/33/latest/20251020085001/Tipo_normal_LPZA.png/80px-Tipo_normal_LPZA.png","Magcargo"
"magearna","Magearna","Magearna","Acero","Hada","80","95","115","130","115","65","https://images.wikidexcdn.net/mwuploads/wikidex/a/a6/latest/20260306153527/S%C3%A9ptima_generaci%C3%B3n.svg","Magearna"
"Mega-Magearna","Mega-Magearna","Magearna","Acero","Hada","80","125","115","170","115","95","https://images.wikidexcdn.net/mwuploads/wikidex/a/a6/latest/20260306153527/S%C3%A9ptima_generaci%C3%B3n.svg","Magearna"
"magikarp","Magikarp","Magikarp","Agua",,"20","10","55","15","20","80","https://images.wikidexcdn.net/mwuploads/wikidex/thumb/3/3b/latest/20251020084947/Tipo_drag%C3%B3n_LPZA.png/80px-Tipo_drag%C3%B3n_LPZA.png","Magikarp"
"magmar","Magmar","Magmar","Fuego",,"65","95","57","100","85","93","https://images.wikidexcdn.net/mwuploads/wikidex/thumb/3/33/latest/20251020085001/Tipo_normal_LPZA.png/80px-Tipo_normal_LPZA.png","Magmar"
"magmortar","Magmortar","Magmortar","Fuego",,"75","95","67","125","95","83","https://images.wikidexcdn.net/mwuploads/wikidex/thumb/3/33/latest/20251020085001/Tipo_normal_LPZA.png/80px-Tipo_normal_LPZA.png","Magmortar"
"magnemite","Magnemite","Magnemite","Eléctrico","Acero","25","35","70","95","55","45","https://images.wikidexcdn.net/mwuploads/wikidex/thumb/3/33/latest/20251020085001/Tipo_normal_LPZA.png/80px-Tipo_normal_LPZA.png","Magnemite"
"magneton","Magneton","Magneton","Eléctrico","Acero","50","60","95","120","70","70","https://images.wikidexcdn.net/mwuploads/wikidex/thumb/3/33/latest/20251020085001/Tipo_normal_LPZA.png/80px-Tipo_normal_LPZA.png","Magneton"
"magnezone","Magnezone","Magnezone","Eléctrico","Acero","70","70","115","130","90","60","https://images.wikidexcdn.net/mwuploads/wikidex/thumb/4/46/latest/20251020084914/Tipo_acero_LPZA.png/80px-Tipo_acero_LPZA.png","Magnezone"
"makuhita","Makuhita","Makuhita","Lucha",,"72","60","30","20","30","25","https://images.wikidexcdn.net/mwuploads/wikidex/thumb/3/33/latest/20251020085001/Tipo_normal_LPZA.png/80px-Tipo_normal_LPZA.png","Makuhita"
"malamar","Malamar","Malamar","Siniestro","Psíquico","86","92","88","68","75","73","https://images.wikidexcdn.net/mwuploads/wikidex/thumb/3/33/latest/20251020085001/Tipo_normal_LPZA.png/75px-Tipo_normal_LPZA.png","Malamar"
"mamoswine","Mamoswine","Mamoswine","Hielo","Tierra","110","130","80","70","60","80","https://images.wikidexcdn.net/mwuploads/wikidex/thumb/3/33/latest/20251020085001/Tipo_normal_LPZA.png/75px-Tipo_normal_LPZA.png","Mamoswine"
"manaphy","Manaphy","Manaphy","Agua",,"100","100","100","100","100","100","https://images.wikidexcdn.net/mwuploads/wikidex/thumb/3/33/latest/20251020085001/Tipo_normal_LPZA.png/80px-Tipo_normal_LPZA.png","Manaphy"
"mandibuzz","Mandibuzz","Mandibuzz","Siniestro","Volador","110","65","105","55","95","80","https://images.wikidexcdn.net/mwuploads/wikidex/9/9f/latest/20260306180702/Quinta_generaci%C3%B3n.svg","Mandibuzz"
"manectric","Manectric","Manectric","Eléctrico",,"70","75","60","105","60","105","https://images.wikidexcdn.net/mwuploads/wikidex/thumb/3/33/latest/20251020085001/Tipo_normal_LPZA.png/75px-Tipo_normal_LPZA.png","Manectric"
"Mega-Manectric","Mega-Manectric","Manectric","Eléctrico",,"70","75","80","135","80","135","https://images.wikidexcdn.net/mwuploads/wikidex/thumb/3/33/latest/20251020085001/Tipo_normal_LPZA.png/75px-Tipo_normal_LPZA.png","Manectric"
"mankey","Mankey","Mankey","Lucha",,"40","80","35","35","45","70","https://images.wikidexcdn.net/mwuploads/wikidex/thumb/c/c6/latest/20251020084932/Tipo_el%C3%A9ctrico_LPZA.png/80px-Tipo_el%C3%A9ctrico_LPZA.png","Mankey"
"mantine","Mantine","Mantine","Agua","Volador","85","40","70","80","140","70","https://images.wikidexcdn.net/mwuploads/wikidex/thumb/b/ba/latest/20251020084937/Tipo_ps%C3%ADquico_LPZA.png/80px-Tipo_ps%C3%ADquico_LPZA.png","Mantine"
"mantyke","Mantyke","Mantyke","Agua","Volador","45","20","50","60","120","50","https://images.wikidexcdn.net/mwuploads/wikidex/5/5a/latest/20260306180611/Cuarta_generaci%C3%B3n.svg","Mantyke"
"maractus","Maractus","Maractus","Planta",,"75","86","67","106","67","60","https://images.wikidexcdn.net/mwuploads/wikidex/9/9f/latest/20260306180702/Quinta_generaci%C3%B3n.svg","Maractus"
"mareanie","Mareanie","Mareanie","Veneno","Agua","50","53","62","43","52","45","https://images.wikidexcdn.net/mwuploads/wikidex/a/a6/latest/20260306153527/S%C3%A9ptima_generaci%C3%B3n.svg","Mareanie"
"mareep","Mareep","Mareep","Eléctrico",,"55","40","40","65","45","35","https://images.wikidexcdn.net/mwuploads/wikidex/thumb/3/33/latest/20251020085001/Tipo_normal_LPZA.png/80px-Tipo_normal_LPZA.png","Mareep"
"marill","Marill","Marill","Agua","Hada","70","20","50","20","50","40","https://images.wikidexcdn.net/mwuploads/wikidex/thumb/9/97/latest/20251020084923/Tipo_agua_LPZA.png/80px-Tipo_agua_LPZA.png","Marill"
"marowak","Marowak","Marowak","Tierra",,"60","80","110","50","80","45","https://images.wikidexcdn.net/mwuploads/wikidex/thumb/3/33/latest/20251020085001/Tipo_normal_LPZA.png/80px-Tipo_normal_LPZA.png","Marowak"
"marowak-de-alola","Marowak de Alola","Marowak","Fuego","Fantasma","60","80","110","50","80","45","https://images.wikidexcdn.net/mwuploads/wikidex/a/a6/latest/20260306153527/S%C3%A9ptima_generaci%C3%B3n.svg","Marowak_de_Alola"
"marshadow","Marshadow","Marshadow","Lucha","Fantasma","90","125","80","90","90","125","https://images.wikidexcdn.net/mwuploads/wikidex/f/fe/latest/20161117195036/Marshastal_Z.png","Marshadow"
"marshtomp","Marshtomp","Marshtomp","Agua","Tierra","70","85","70","60","70","50","https://images.wikidexcdn.net/mwuploads/wikidex/thumb/2/2e/latest/20251020124236/Tipo_pelea_LPZA.png/80px-Tipo_pelea_LPZA.png","Marshtomp"
"maschiff","Maschiff","Maschiff","Siniestro",,"60","78","60","40","51","51","https://images.wikidexcdn.net/mwuploads/wikidex/8/8c/latest/20260306153605/Novena_generaci%C3%B3n.svg","Maschiff"
"masquerain","Masquerain","Masquerain","Bicho","Volador","70","60","62","100","82","80","https://images.wikidexcdn.net/mwuploads/wikidex/thumb/3/33/latest/20251020085001/Tipo_normal_LPZA.png/80px-Tipo_normal_LPZA.png","Masquerain"
"maushold","Maushold","Maushold","Normal",,"74","75","70","65","75","111","https://images.wikidexcdn.net/mwuploads/wikidex/thumb/3/33/latest/20251020085001/Tipo_normal_LPZA.png/75px-Tipo_normal_LPZA.png","Maushold"
"mawile","Mawile","Mawile","Acero","Hada","50","85","85","55","55","50","https://images.wikidexcdn.net/mwuploads/wikidex/thumb/3/33/latest/20251020085001/Tipo_normal_LPZA.png/75px-Tipo_normal_LPZA.png","Mawile"
"medicham","Medicham","Medicham","Lucha","Psíquico","60","60","75","60","75","80","https://images.wikidexcdn.net/mwuploads/wikidex/thumb/3/33/latest/20251020085001/Tipo_normal_LPZA.png/75px-Tipo_normal_LPZA.png","Medicham"
"Mega-Medicham","Mega-Medicham","Medicham","Lucha","Psíquico","60","100","85","80","85","100","https://images.wikidexcdn.net/mwuploads/wikidex/thumb/3/33/latest/20251020085001/Tipo_normal_LPZA.png/75px-Tipo_normal_LPZA.png","Medicham"
"meditite","Meditite","Meditite","Lucha","Psíquico","30","40","55","40","55","60","https://images.wikidexcdn.net/mwuploads/wikidex/4/4a/latest/20260306153335/Tercera_generaci%C3%B3n.svg","Meditite"
"mega-aerodactyl","Mega-Aerodactyl","Aerodactyl","Roca","Volador","80","135","85","70","95","150","https://images.wikidexcdn.net/mwuploads/wikidex/thumb/3/33/latest/20251020085001/Tipo_normal_LPZA.png/75px-Tipo_normal_LPZA.png","Aerodactyl"
"mega-aggron","Mega-Aggron","Aggron","Acero",,"70","140","230","60","80","50","https://images.wikidexcdn.net/mwuploads/wikidex/thumb/3/33/latest/20251020085001/Tipo_normal_LPZA.png/75px-Tipo_normal_LPZA.png","Aggron"
"mega-alakazam","Mega-Alakazam","Alakazam","Psíquico",,"55","50","65","175","105","150","https://images.wikidexcdn.net/mwuploads/wikidex/thumb/f/f5/latest/20230716211853/Alakazam.png/200px-Alakazam.png","Alakazam"
"mega-ampharos","Mega-Ampharos","Ampharos","Eléctrico","Dragón","90","95","105","165","110","45","https://images.wikidexcdn.net/mwuploads/wikidex/thumb/f/f5/latest/20150621184738/Ampharos.png/200px-Ampharos.png","Ampharos"
"mega-barbaracle","Mega-Barbaracle","Barbaracle","Lucha","Roca","72","140","130","64","106","88","https://images.wikidexcdn.net/mwuploads/wikidex/thumb/3/33/latest/20251020085001/Tipo_normal_LPZA.png/75px-Tipo_normal_LPZA.png","Barbaracle"
"mega-beedrill","Mega-Beedrill","Beedrill","Bicho","Veneno","65","150","40","15","80","145","https://images.wikidexcdn.net/mwuploads/wikidex/thumb/0/0d/latest/20200307022638/Beedrill.png/200px-Beedrill.png","Beedrill"
"mega-blastoise","Mega-Blastoise","Blastoise","Agua",,"79","103","120","135","115","78","https://images.wikidexcdn.net/mwuploads/wikidex/thumb/3/33/latest/20251020085001/Tipo_normal_LPZA.png/75px-Tipo_normal_LPZA.png","Blastoise"
"mega-blaziken","Mega-Blaziken","Blaziken","Fuego","Lucha","80","160","80","130","80","100","https://images.wikidexcdn.net/mwuploads/wikidex/thumb/3/33/latest/20251020085001/Tipo_normal_LPZA.png/75px-Tipo_normal_LPZA.png","Blaziken"
"mega-chandelure","Mega-Chandelure","Chandelure","Fantasma","Fuego","60","75","110","175","110","90","https://images.wikidexcdn.net/mwuploads/wikidex/thumb/3/33/latest/20251020085001/Tipo_normal_LPZA.png/75px-Tipo_normal_LPZA.png","Chandelure"
"mega-charizard-x","Mega-Charizard X","Charizard","Fuego","Dragón","78","130","111","130","85","100","https://images.wikidexcdn.net/mwuploads/wikidex/thumb/3/33/latest/20251020085001/Tipo_normal_LPZA.png/75px-Tipo_normal_LPZA.png","Charizard"
"mega-charizard-y","Mega-Charizard Y","Charizard","Fuego","Volador","78","104","78","159","115","100","https://images.wikidexcdn.net/mwuploads/wikidex/thumb/9/95/latest/20160817212623/Charizard.png/200px-Charizard.png","Charizard"
"mega-chesnaught","Mega-Chesnaught","Chesnaught","Planta","Lucha","88","137","172","74","115","44","https://images.wikidexcdn.net/mwuploads/wikidex/thumb/3/33/latest/20251020085001/Tipo_normal_LPZA.png/75px-Tipo_normal_LPZA.png","Chesnaught"
"mega-chimecho","Mega-Chimecho","Chimecho","Psíquico","Acero","75","50","110","135","120","65","https://images.wikidexcdn.net/mwuploads/wikidex/thumb/2/29/latest/20210419202257/Chimecho.png/200px-Chimecho.png","Chimecho"
"mega-clefable","Mega-Clefable","Clefable","Hada","Volador","95","80","93","135","110","70","https://images.wikidexcdn.net/mwuploads/wikidex/thumb/d/d5/latest/20230717180839/Clefable.png/200px-Clefable.png","Clefable"
"mega-delphox","Mega-Delphox","Delphox","Fuego","Psíquico","75","69","72","159","125","134","https://images.wikidexcdn.net/mwuploads/wikidex/thumb/3/33/latest/20251020085001/Tipo_normal_LPZA.png/75px-Tipo_normal_LPZA.png","Delphox"
"mega-dragalge","Mega-Dragalge","Dragalge","Veneno","Dragón","65","85","105","132","163","44","https://images.wikidexcdn.net/mwuploads/wikidex/thumb/3/33/latest/20251020085001/Tipo_normal_LPZA.png/75px-Tipo_normal_LPZA.png","Dragalge"
"mega-dragonite","Mega-Dragonite","Dragonite","Dragón","Volador","91","124","115","145","125","100","https://images.wikidexcdn.net/mwuploads/wikidex/thumb/3/33/latest/20251020085001/Tipo_normal_LPZA.png/75px-Tipo_normal_LPZA.png","Dragonite"
"mega-drampa","Mega-Drampa","Drampa","Normal","Dragón","78","85","110","160","116","36","https://images.wikidexcdn.net/mwuploads/wikidex/thumb/3/33/latest/20251020085001/Tipo_normal_LPZA.png/75px-Tipo_normal_LPZA.png","Drampa"
"mega-eelektross","Mega-Eelektross","Eelektross","Eléctrico",,"85","145","80","135","90","80","https://images.wikidexcdn.net/mwuploads/wikidex/thumb/3/33/latest/20251020085001/Tipo_normal_LPZA.png/75px-Tipo_normal_LPZA.png","Eelektross"
"mega-emboar","Mega-Emboar","Emboar","Fuego","Lucha","110","148","75","110","110","75","https://images.wikidexcdn.net/mwuploads/wikidex/thumb/3/33/latest/20251020085001/Tipo_normal_LPZA.png/75px-Tipo_normal_LPZA.png","Emboar"
"mega-excadrill","Mega-Excadrill","Excadrill","Tierra","Acero","110","165","100","65","65","103","https://images.wikidexcdn.net/mwuploads/wikidex/thumb/3/33/latest/20251020085001/Tipo_normal_LPZA.png/75px-Tipo_normal_LPZA.png","Excadrill"
"mega-falinks","Mega-Falinks","Falinks","Lucha",,"65","135","135","70","65","100","https://images.wikidexcdn.net/mwuploads/wikidex/thumb/3/33/latest/20251020085001/Tipo_normal_LPZA.png/75px-Tipo_normal_LPZA.png","Falinks"
"mega-feraligatr","Mega-Feraligatr","Feraligatr","Agua","Dragón","85","160","125","89","93","78","https://images.wikidexcdn.net/mwuploads/wikidex/thumb/3/33/latest/20251020085001/Tipo_normal_LPZA.png/75px-Tipo_normal_LPZA.png","Feraligatr"
"mega-floette","Mega-Floette","Floette","Hada",,"74","85","87","155","148","102","https://images.wikidexcdn.net/mwuploads/wikidex/thumb/3/33/latest/20190423164648/Floette_roja.png/200px-Floette_roja.png","Floette"
"mega-froslass","Mega-Froslass","Froslass","Hielo","Fantasma","70","80","70","140","100","120","https://images.wikidexcdn.net/mwuploads/wikidex/thumb/3/33/latest/20251020085001/Tipo_normal_LPZA.png/75px-Tipo_normal_LPZA.png","Froslass"
"mega-garchomp","Mega-Garchomp","Garchomp","Dragón","Tierra","108","170","115","120","95","92","https://images.wikidexcdn.net/mwuploads/wikidex/thumb/3/33/latest/20251020085001/Tipo_normal_LPZA.png/75px-Tipo_normal_LPZA.png","Garchomp"
"mega-garchomp-z","Mega-Garchomp Z","Garchomp","Dragón",,"108","130","85","141","85","151","https://images.wikidexcdn.net/mwuploads/wikidex/thumb/e/e4/latest/20151006162718/Garchomp.png/200px-Garchomp.png","Garchomp"
"mega-gardevoir","Mega-Gardevoir","Gardevoir","Psíquico","Hada","68","85","65","165","135","100","https://images.wikidexcdn.net/mwuploads/wikidex/thumb/3/33/latest/20251020085001/Tipo_normal_LPZA.png/75px-Tipo_normal_LPZA.png","Gardevoir"
"mega-gengar","Mega-Gengar","Gengar","Fantasma","Veneno","60","65","80","170","95","130","https://images.wikidexcdn.net/mwuploads/wikidex/thumb/3/33/latest/20251020085001/Tipo_normal_LPZA.png/75px-Tipo_normal_LPZA.png","Gengar"
"mega-glalie","Mega-Glalie","Glalie","Hielo",,"80","120","80","120","80","100","https://images.wikidexcdn.net/mwuploads/wikidex/thumb/3/33/latest/20251020085001/Tipo_normal_LPZA.png/75px-Tipo_normal_LPZA.png","Glalie"
"mega-greninja","Mega-Greninja","Greninja","Agua","Siniestro","72","125","77","133","81","142","https://images.wikidexcdn.net/mwuploads/wikidex/thumb/9/90/latest/20200305050012/Greninja.png/200px-Greninja.png","Greninja"
"mega-gyarados","Mega-Gyarados","Gyarados","Agua","Siniestro","95","155","109","70","130","81","https://images.wikidexcdn.net/mwuploads/wikidex/thumb/3/33/latest/20251020085001/Tipo_normal_LPZA.png/75px-Tipo_normal_LPZA.png","Gyarados"
"mega-hawlucha","Mega-Hawlucha","Hawlucha","Lucha","Volador","78","137","100","74","93","118","https://images.wikidexcdn.net/mwuploads/wikidex/thumb/3/33/latest/20251020085001/Tipo_normal_LPZA.png/75px-Tipo_normal_LPZA.png","Hawlucha"
"mega-houndoom","Mega-Houndoom","Houndoom","Siniestro","Fuego","75","90","90","140","90","115","https://images.wikidexcdn.net/mwuploads/wikidex/thumb/3/33/latest/20251020085001/Tipo_normal_LPZA.png/75px-Tipo_normal_LPZA.png","Houndoom"
"mega-kangaskhan","Mega-Kangaskhan","Kangaskhan","Normal",,"105","125","100","60","100","100","https://images.wikidexcdn.net/mwuploads/wikidex/thumb/3/33/latest/20251020085001/Tipo_normal_LPZA.png/75px-Tipo_normal_LPZA.png","Kangaskhan"
"mega-lucario","Mega-Lucario","Lucario","Lucha","Acero","70","145","88","140","70","112","https://images.wikidexcdn.net/mwuploads/wikidex/thumb/3/33/latest/20251020085001/Tipo_normal_LPZA.png/75px-Tipo_normal_LPZA.png","Lucario"
"mega-lucario-z","Mega-Lucario Z","Lucario","Lucha","Acero","70","100","70","164","70","151","https://images.wikidexcdn.net/mwuploads/wikidex/thumb/d/d0/latest/20150621180604/Lucario.png/200px-Lucario.png","Lucario"
"mega-malamar","Mega-Malamar","Malamar","Psíquico","Siniestro","86","102","88","98","120","88","https://images.wikidexcdn.net/mwuploads/wikidex/thumb/3/33/latest/20251020085001/Tipo_normal_LPZA.png/75px-Tipo_normal_LPZA.png","Malamar"
"mega-mawile","Mega-Mawile","Mawile","Acero","Hada","50","105","125","55","95","50","https://images.wikidexcdn.net/mwuploads/wikidex/thumb/3/33/latest/20251020085001/Tipo_normal_LPZA.png/75px-Tipo_normal_LPZA.png","Mawile"
"mega-meganium","Mega-Meganium","Meganium","Planta","Hada","80","92","115","143","115","80","https://images.wikidexcdn.net/mwuploads/wikidex/thumb/3/33/latest/20251020085001/Tipo_normal_LPZA.png/75px-Tipo_normal_LPZA.png","Meganium"
"mega-metagross","Mega-Metagross","Metagross","Psíquico","Acero","80","145","150","105","110","110","https://images.wikidexcdn.net/mwuploads/wikidex/thumb/3/33/latest/20251020085001/Tipo_normal_LPZA.png/75px-Tipo_normal_LPZA.png","Metagross"
"mega-mewtwo-x","Mega-Mewtwo X","Mewtwo","Psíquico","Lucha","106","190","100","154","100","130","https://images.wikidexcdn.net/mwuploads/wikidex/thumb/c/c6/latest/20251020084932/Tipo_el%C3%A9ctrico_LPZA.png/80px-Tipo_el%C3%A9ctrico_LPZA.png","Mewtwo"
"mega-mewtwo-y","Mega-Mewtwo Y","Mewtwo","Psíquico",,"106","150","70","194","120","140","https://images.wikidexcdn.net/mwuploads/wikidex/thumb/d/d3/latest/20190408034831/Mewtwo.png/200px-Mewtwo.png","Mewtwo"
"mega-pidgeot","Mega-Pidgeot","Pidgeot","Normal","Volador","83","80","80","135","80","121","https://images.wikidexcdn.net/mwuploads/wikidex/thumb/a/a9/latest/20141214190416/Pidgeot.png/200px-Pidgeot.png","Pidgeot"
"mega-pyroar","Mega-Pyroar","Pyroar","Normal","Fuego","86","88","92","129","86","126","https://images.wikidexcdn.net/mwuploads/wikidex/thumb/3/33/latest/20251020085001/Tipo_normal_LPZA.png/75px-Tipo_normal_LPZA.png","Pyroar"
"mega-raichu-x","Mega-Raichu X","Raichu","Eléctrico",,"60","135","95","90","95","110","https://images.wikidexcdn.net/mwuploads/wikidex/thumb/3/34/latest/20250127090512/Raichu.png/200px-Raichu.png","Raichu"
"mega-raichu-y","Mega-Raichu Y","Raichu","Eléctrico",,"60","100","55","160","80","130","https://images.wikidexcdn.net/mwuploads/wikidex/thumb/3/34/latest/20250127090512/Raichu.png/200px-Raichu.png","Raichu"
"mega-salamence","Mega-Salamence","Salamence","Dragón","Volador","95","145","130","120","90","120","https://images.wikidexcdn.net/mwuploads/wikidex/thumb/3/33/latest/20251020085001/Tipo_normal_LPZA.png/80px-Tipo_normal_LPZA.png","Salamence"
"mega-sceptile","Mega-Sceptile","Sceptile","Planta","Dragón","70","110","75","145","85","145","https://images.wikidexcdn.net/mwuploads/wikidex/thumb/3/33/latest/20251020085001/Tipo_normal_LPZA.png/75px-Tipo_normal_LPZA.png","Sceptile"
"mega-scolipede","Mega-Scolipede","Scolipede","Veneno","Bicho","60","140","149","75","99","62","https://images.wikidexcdn.net/mwuploads/wikidex/thumb/e/e4/latest/20230708030620/Scolipede.png/200px-Scolipede.png","Scolipede"
"mega-scrafty","Mega-Scrafty","Scrafty","Lucha","Siniestro","65","130","135","55","135","68","https://images.wikidexcdn.net/mwuploads/wikidex/thumb/3/33/latest/20251020085001/Tipo_normal_LPZA.png/75px-Tipo_normal_LPZA.png","Scrafty"
"mega-skarmory","Mega-Skarmory","Skarmory","Acero","Volador","65","140","110","40","100","110","https://images.wikidexcdn.net/mwuploads/wikidex/thumb/3/33/latest/20251020085001/Tipo_normal_LPZA.png/75px-Tipo_normal_LPZA.png","Skarmory"
"mega-staraptor","Mega-Staraptor","Staraptor","Lucha","Volador","85","140","100","60","90","110","https://images.wikidexcdn.net/mwuploads/wikidex/thumb/1/1f/latest/20200307023121/Staraptor.png/200px-Staraptor.png","Staraptor"
"mega-starmie","Mega-Starmie","Starmie","Agua","Psíquico","60","100","105","130","105","120","https://images.wikidexcdn.net/mwuploads/wikidex/thumb/3/33/latest/20251020085001/Tipo_normal_LPZA.png/75px-Tipo_normal_LPZA.png","Starmie"
"mega-swampert","Mega-Swampert","Swampert","Agua","Tierra","100","150","110","95","110","70","https://images.wikidexcdn.net/mwuploads/wikidex/thumb/3/33/latest/20251020085001/Tipo_normal_LPZA.png/75px-Tipo_normal_LPZA.png","Swampert"
"mega-tyranitar","Mega-Tyranitar","Tyranitar","Roca","Siniestro","100","164","150","95","120","71","https://images.wikidexcdn.net/mwuploads/wikidex/thumb/3/33/latest/20251020085001/Tipo_normal_LPZA.png/75px-Tipo_normal_LPZA.png","Tyranitar"
"mega-venusaur","Mega-Venusaur","Venusaur","Planta","Veneno","80","100","123","122","120","80","https://images.wikidexcdn.net/mwuploads/wikidex/thumb/3/33/latest/20251020085001/Tipo_normal_LPZA.png/75px-Tipo_normal_LPZA.png","Venusaur"
"mega-victreebel","Mega-Victreebel","Victreebel","Planta","Veneno","80","125","85","135","95","70","https://images.wikidexcdn.net/mwuploads/wikidex/thumb/5/55/latest/20230807041157/Victreebel.png/200px-Victreebel.png","Victreebel"
"mega-zygarde","Mega-Zygarde","Zygarde","Dragón","Tierra","216","70","91","216","85","100","https://images.wikidexcdn.net/mwuploads/wikidex/thumb/8/87/latest/20160701145405/Zygarde_al_50%25.png/200px-Zygarde_al_50%25.png","Zygarde"
"meganium","Meganium","Meganium","Planta",,"80","82","100","83","100","80","https://images.wikidexcdn.net/mwuploads/wikidex/thumb/3/33/latest/20251020085001/Tipo_normal_LPZA.png/75px-Tipo_normal_LPZA.png","Meganium"
"melenaleteo","Melenaleteo","Melenaleteo","Fantasma","Hada","55","55","55","135","135","135","https://images.wikidexcdn.net/mwuploads/wikidex/thumb/9/97/latest/20221208180633/Tipo_hada_EP.png/90px-Tipo_hada_EP.png","Melenaleteo"
"melmetal","Melmetal","Melmetal","Acero",,"135","143","143","80","65","34","https://images.wikidexcdn.net/mwuploads/wikidex/4/4b/latest/20260306153545/Octava_generaci%C3%B3n.svg","Melmetal"
"meltan","Meltan","Meltan","Acero",,"46","65","65","55","35","34","https://images.wikidexcdn.net/mwuploads/wikidex/4/4b/latest/20260306153545/Octava_generaci%C3%B3n.svg","Meltan"
"meowscarada","Meowscarada","Meowscarada","Planta","Siniestro","76","110","70","81","70","123","https://images.wikidexcdn.net/mwuploads/wikidex/thumb/3/33/latest/20251020085001/Tipo_normal_LPZA.png/75px-Tipo_normal_LPZA.png","Meowscarada"
"meowstic","Meowstic","Meowstic","Psíquico",,"74","48","76","83","81","104","https://images.wikidexcdn.net/mwuploads/wikidex/thumb/3/33/latest/20251020085001/Tipo_normal_LPZA.png/75px-Tipo_normal_LPZA.png","Meowstic"
"Mega-Meowstic","Mega-Meowstic","Meowstic","Psíquico",,"74","48","76","143","101","124","https://images.wikidexcdn.net/mwuploads/wikidex/thumb/3/33/latest/20251020085001/Tipo_normal_LPZA.png/75px-Tipo_normal_LPZA.png","Meowstic"
"meowth","Meowth","Meowth","Normal",,"40","45","35","40","40","90","https://images.wikidexcdn.net/mwuploads/wikidex/thumb/3/33/latest/20251020085001/Tipo_normal_LPZA.png/80px-Tipo_normal_LPZA.png","Meowth"
"meowth-de-alola","Meowth de Alola","Meowth","Siniestro",,"40","35","35","50","40","90","https://images.wikidexcdn.net/mwuploads/wikidex/a/a6/latest/20260306153527/S%C3%A9ptima_generaci%C3%B3n.svg","Meowth_de_Alola"
"meowth-de-galar","Meowth de Galar","Meowth","Acero",,"50","65","55","40","40","40","https://images.wikidexcdn.net/mwuploads/wikidex/4/4b/latest/20260306153545/Octava_generaci%C3%B3n.svg","Meowth_de_Galar"
"mesprit","Mesprit","Mesprit","Psíquico",,"80","105","105","105","105","80","https://images.wikidexcdn.net/mwuploads/wikidex/thumb/3/33/latest/20251020085001/Tipo_normal_LPZA.png/80px-Tipo_normal_LPZA.png","Mesprit"
"metagross","Metagross","Metagross","Acero","Psíquico","80","135","130","95","90","70","https://images.wikidexcdn.net/mwuploads/wikidex/thumb/3/33/latest/20251020085001/Tipo_normal_LPZA.png/75px-Tipo_normal_LPZA.png","Metagross"
"metang","Metang","Metang","Acero","Psíquico","60","75","100","55","80","50","https://images.wikidexcdn.net/mwuploads/wikidex/thumb/4/4c/latest/20251020084900/Tipo_roca_LPZA.png/80px-Tipo_roca_LPZA.png","Metang"
"metapod","Metapod","Metapod","Bicho",,"50","20","55","25","25","30","https://images.wikidexcdn.net/mwuploads/wikidex/5/5a/latest/20260306180611/Cuarta_generaci%C3%B3n.svg","Metapod"
"mew","Mew","Mew","Psíquico",,"100","100","100","100","100","100","https://images.wikidexcdn.net/mwuploads/wikidex/thumb/f/fa/latest/20161129024136/Mewstal_Z_%28Dream_World%29.png/32px-Mewstal_Z_%28Dream_World%29.png","Mew"
"mewtwo","Mewtwo","Mewtwo","Psíquico",,"106","110","90","154","90","130","https://images.wikidexcdn.net/mwuploads/wikidex/thumb/c/c6/latest/20251020084932/Tipo_el%C3%A9ctrico_LPZA.png/80px-Tipo_el%C3%A9ctrico_LPZA.png","Mewtwo"
"mienfoo","Mienfoo","Mienfoo","Lucha",,"45","85","50","55","50","65","https://images.wikidexcdn.net/mwuploads/wikidex/9/9f/latest/20260306180702/Quinta_generaci%C3%B3n.svg","Mienfoo"
"mienshao","Mienshao","Mienshao","Lucha",,"65","125","60","95","60","105","https://images.wikidexcdn.net/mwuploads/wikidex/9/9f/latest/20260306180702/Quinta_generaci%C3%B3n.svg","Mienshao"
"mightyena","Mightyena","Mightyena","Siniestro",,"70","90","70","60","60","70","https://images.wikidexcdn.net/mwuploads/wikidex/thumb/3/33/latest/20251020085001/Tipo_normal_LPZA.png/80px-Tipo_normal_LPZA.png","Mightyena"
"milcery","Milcery","Milcery","Hada",,"45","40","40","50","61","34","https://images.wikidexcdn.net/mwuploads/wikidex/thumb/3/33/latest/20251020085001/Tipo_normal_LPZA.png/80px-Tipo_normal_LPZA.png","Milcery"
"milotic","Milotic","Milotic","Agua",,"95","60","79","100","125","81","https://images.wikidexcdn.net/mwuploads/wikidex/thumb/3/33/latest/20251020085001/Tipo_normal_LPZA.png/75px-Tipo_normal_LPZA.png","Milotic"
"miltank","Miltank","Miltank","Normal",,"95","80","105","40","70","100","https://images.wikidexcdn.net/mwuploads/wikidex/thumb/2/2e/latest/20251020124236/Tipo_pelea_LPZA.png/80px-Tipo_pelea_LPZA.png","Miltank"
"mime-jr","Mime Jr.","Mime Jr.","Psíquico","Hada","20","25","45","70","90","60","https://images.wikidexcdn.net/mwuploads/wikidex/5/5a/latest/20260306180611/Cuarta_generaci%C3%B3n.svg","Mime_Jr."
"mimikyu","Mimikyu","Mimikyu","Fantasma","Hada","55","90","80","50","105","96","https://images.wikidexcdn.net/mwuploads/wikidex/thumb/3/33/latest/20251020085001/Tipo_normal_LPZA.png/75px-Tipo_normal_LPZA.png","Mimikyu"
"minccino","Minccino","Minccino","Normal",,"55","50","40","40","40","75","https://images.wikidexcdn.net/mwuploads/wikidex/9/9f/latest/20260306180702/Quinta_generaci%C3%B3n.svg","Minccino"
"minun","Minun","Minun","Eléctrico",,"60","40","50","75","85","95","https://images.wikidexcdn.net/mwuploads/wikidex/4/4a/latest/20260306153335/Tercera_generaci%C3%B3n.svg","Minun"
"miraidon","Miraidon","Miraidon","Eléctrico","Dragón","100","85","100","135","115","135","https://images.wikidexcdn.net/mwuploads/wikidex/thumb/9/99/latest/20221208180705/Tipo_normal_EP.png/90px-Tipo_normal_EP.png","Miraidon"
"misdreavus","Misdreavus","Misdreavus","Fantasma",,"60","60","60","85","85","85","https://images.wikidexcdn.net/mwuploads/wikidex/thumb/9/97/latest/20251020084919/Tipo_fuego_LPZA.png/80px-Tipo_fuego_LPZA.png","Misdreavus"
"mismagius","Mismagius","Mismagius","Fantasma",,"60","60","60","105","105","105","https://images.wikidexcdn.net/mwuploads/wikidex/thumb/3/33/latest/20251020085001/Tipo_normal_LPZA.png/80px-Tipo_normal_LPZA.png","Mismagius"
"modo-daruma","Modo daruma","Darmanitan","Fuego",,"105","30","105","140","105","55","https://images.wikidexcdn.net/mwuploads/wikidex/9/9f/latest/20260306180702/Quinta_generaci%C3%B3n.svg","Darmanitan"
"modo-daruma-1","Modo daruma","Darmanitan","Hielo",,"105","160","55","30","55","135","https://images.wikidexcdn.net/mwuploads/wikidex/4/4b/latest/20260306153545/Octava_generaci%C3%B3n.svg","Darmanitan_de_Galar"
"modo-normal","Modo normal","Darmanitan","Fuego",,"105","140","55","30","55","95","https://images.wikidexcdn.net/mwuploads/wikidex/9/9f/latest/20260306180702/Quinta_generaci%C3%B3n.svg","Darmanitan"
"modo-normal-1","Modo normal","Darmanitan","Hielo",,"105","140","55","30","55","95","https://images.wikidexcdn.net/mwuploads/wikidex/4/4b/latest/20260306153545/Octava_generaci%C3%B3n.svg","Darmanitan_de_Galar"
"moltres","Moltres","Moltres","Fuego","Volador","90","100","90","125","85","90","https://images.wikidexcdn.net/mwuploads/wikidex/thumb/b/ba/latest/20251020084937/Tipo_ps%C3%ADquico_LPZA.png/80px-Tipo_ps%C3%ADquico_LPZA.png","Moltres"
"moltres-de-galar","Moltres de Galar","Moltres","Siniestro","Volador","90","85","90","100","125","90","https://images.wikidexcdn.net/mwuploads/wikidex/4/4b/latest/20260306153545/Octava_generaci%C3%B3n.svg","Moltres_de_Galar"
"monferno","Monferno","Monferno","Fuego","Lucha","64","78","52","78","52","81","https://images.wikidexcdn.net/mwuploads/wikidex/thumb/3/33/latest/20251020085001/Tipo_normal_LPZA.png/80px-Tipo_normal_LPZA.png","Monferno"
"morelull","Morelull","Morelull","Planta","Hada","40","35","55","65","75","15","https://images.wikidexcdn.net/mwuploads/wikidex/a/a6/latest/20260306153527/S%C3%A9ptima_generaci%C3%B3n.svg","Morelull"
"morgrem","Morgrem","Morgrem","Siniestro","Hada","65","60","45","75","55","70","https://images.wikidexcdn.net/mwuploads/wikidex/4/4b/latest/20260306153545/Octava_generaci%C3%B3n.svg","Morgrem"
"morpeko","Morpeko","Morpeko","Eléctrico","Siniestro","58","95","58","70","58","97","https://images.wikidexcdn.net/mwuploads/wikidex/thumb/3/33/latest/20251020085001/Tipo_normal_LPZA.png/75px-Tipo_normal_LPZA.png","Morpeko"
"mothim","Mothim","Mothim","Bicho","Volador","70","94","50","94","50","66","https://images.wikidexcdn.net/mwuploads/wikidex/thumb/c/cc/latest/20251020084843/Tipo_volador_LPZA.png/80px-Tipo_volador_LPZA.png","Mothim"
"mr-mime","Mr. Mime","Mr. Mime","Psíquico","Hada","40","45","65","100","120","90","https://images.wikidexcdn.net/mwuploads/wikidex/thumb/c/c6/latest/20251020084932/Tipo_el%C3%A9ctrico_LPZA.png/80px-Tipo_el%C3%A9ctrico_LPZA.png","Mr._Mime"
"mr-mime-de-galar","Mr. Mime de Galar","Mr. Mime","Hielo","Psíquico","50","65","65","90","90","100","https://images.wikidexcdn.net/mwuploads/wikidex/4/4b/latest/20260306153545/Octava_generaci%C3%B3n.svg","Mr._Mime_de_Galar"
"mr-rime","Mr. Rime","Mr. Rime","Hielo","Psíquico","80","85","75","110","100","70","https://images.wikidexcdn.net/mwuploads/wikidex/thumb/3/33/latest/20251020085001/Tipo_normal_LPZA.png/75px-Tipo_normal_LPZA.png","Mr._Rime"
"mudbray","Mudbray","Mudbray","Tierra",,"70","100","70","45","55","45","https://images.wikidexcdn.net/mwuploads/wikidex/a/a6/latest/20260306153527/S%C3%A9ptima_generaci%C3%B3n.svg","Mudbray"
"mudkip","Mudkip","Mudkip","Agua",,"50","70","50","50","50","40","https://images.wikidexcdn.net/mwuploads/wikidex/4/4a/latest/20260306153335/Tercera_generaci%C3%B3n.svg","Mudkip"
"mudsdale","Mudsdale","Mudsdale","Tierra",,"100","125","100","55","85","35","https://images.wikidexcdn.net/mwuploads/wikidex/thumb/3/33/latest/20251020085001/Tipo_normal_LPZA.png/75px-Tipo_normal_LPZA.png","Mudsdale"
"muk","Muk","Muk","Veneno",,"105","105","75","65","100","50","https://images.wikidexcdn.net/mwuploads/wikidex/3/38/latest/20260306153303/Segunda_generaci%C3%B3n.svg","Muk"
"muk-de-alola","Muk de Alola","Muk","Veneno","Siniestro","105","105","75","65","100","50","https://images.wikidexcdn.net/mwuploads/wikidex/a/a6/latest/20260306153527/S%C3%A9ptima_generaci%C3%B3n.svg","Muk_de_Alola"
"munchlax","Munchlax","Munchlax","Normal",,"135","85","40","40","85","5","https://images.wikidexcdn.net/mwuploads/wikidex/thumb/3/33/latest/20251020085001/Tipo_normal_LPZA.png/80px-Tipo_normal_LPZA.png","Munchlax"
"munkidori","Munkidori","Munkidori","Veneno","Psíquico","88","75","66","130","90","106","https://images.wikidexcdn.net/mwuploads/wikidex/thumb/c/c9/latest/20221208180742/Tipo_tierra_EP.png/90px-Tipo_tierra_EP.png","Munkidori"
"munna","Munna","Munna","Psíquico",,"76","25","45","67","55","24","https://images.wikidexcdn.net/mwuploads/wikidex/9/9f/latest/20260306180702/Quinta_generaci%C3%B3n.svg","Munna"
"murkrow","Murkrow","Murkrow","Siniestro","Volador","60","85","42","85","42","91","https://images.wikidexcdn.net/mwuploads/wikidex/thumb/8/89/latest/20251020084910/Tipo_fantasma_LPZA.png/80px-Tipo_fantasma_LPZA.png","Murkrow"
"musharna","Musharna","Musharna","Psíquico",,"116","55","85","107","95","29","https://images.wikidexcdn.net/mwuploads/wikidex/thumb/3/33/latest/20251020085001/Tipo_normal_LPZA.png/75px-Tipo_normal_LPZA.png","Musharna"
"nacli","Nacli","Nacli","Roca",,"55","55","75","35","35","25","https://images.wikidexcdn.net/mwuploads/wikidex/8/8c/latest/20260306153605/Novena_generaci%C3%B3n.svg","Nacli"
"naclstack","Naclstack","Naclstack","Roca",,"60","60","100","35","65","35","https://images.wikidexcdn.net/mwuploads/wikidex/thumb/3/33/latest/20251020085001/Tipo_normal_LPZA.png/75px-Tipo_normal_LPZA.png","Naclstack"
"naganadel","Naganadel","Naganadel","Veneno","Dragón","73","73","73","127","73","121","https://images.wikidexcdn.net/mwuploads/wikidex/a/a6/latest/20260306153527/S%C3%A9ptima_generaci%C3%B3n.svg","Naganadel"
"natu","Natu","Natu","Psíquico","Volador","40","50","45","70","45","70","https://images.wikidexcdn.net/mwuploads/wikidex/thumb/c/cc/latest/20251020084843/Tipo_volador_LPZA.png/80px-Tipo_volador_LPZA.png","Natu"
"necrozma","Necrozma","Necrozma","Psíquico",,"97","107","101","127","89","79","https://images.wikidexcdn.net/mwuploads/wikidex/thumb/3/3b/latest/20171124234538/Solgaleostal_Z_%28Dream_World%29.png/32px-Solgaleostal_Z_%28Dream_World%29.png","Necrozma"
"necrozma-alas-del-alba","Necrozma alas del alba","Necrozma","Psíquico",,"97","113","109","157","127","77","https://images.wikidexcdn.net/mwuploads/wikidex/thumb/7/77/latest/20161114210617/Necrozma.png/200px-Necrozma.png","Necrozma"
"necrozma-melena-crepuscular","Necrozma melena crepuscular","Necrozma","Psíquico",,"97","157","127","113","109","77","https://images.wikidexcdn.net/mwuploads/wikidex/thumb/3/3b/latest/20171124234538/Solgaleostal_Z_%28Dream_World%29.png/32px-Solgaleostal_Z_%28Dream_World%29.png","Necrozma"
"nickit","Nickit","Nickit","Siniestro",,"40","28","28","47","52","50","https://images.wikidexcdn.net/mwuploads/wikidex/4/4b/latest/20260306153545/Octava_generaci%C3%B3n.svg","Nickit"
"nidoking","Nidoking","Nidoking","Veneno","Tierra","81","102","77","85","75","85","https://images.wikidexcdn.net/mwuploads/wikidex/3/38/latest/20260306153303/Segunda_generaci%C3%B3n.svg","Nidoking"
"nidoqueen","Nidoqueen","Nidoqueen","Veneno","Tierra","90","92","87","75","85","76","https://images.wikidexcdn.net/mwuploads/wikidex/3/38/latest/20260306153303/Segunda_generaci%C3%B3n.svg","Nidoqueen"
"nidoran","Nidoran♀","Nidoran♀","Veneno",,"55","47","52","40","40","41","https://images.wikidexcdn.net/mwuploads/wikidex/thumb/3/33/latest/20251020085001/Tipo_normal_LPZA.png/80px-Tipo_normal_LPZA.png","Nidoran♀"
"nidoran-1","Nidoran♂","Nidoran♂","Veneno",,"46","57","40","40","40","50","https://images.wikidexcdn.net/mwuploads/wikidex/thumb/3/33/latest/20251020085001/Tipo_normal_LPZA.png/80px-Tipo_normal_LPZA.png","Nidoran♂"
"nidorina","Nidorina","Nidorina","Veneno",,"70","62","67","55","55","56","https://images.wikidexcdn.net/mwuploads/wikidex/3/38/latest/20260306153303/Segunda_generaci%C3%B3n.svg","Nidorina"
"nidorino","Nidorino","Nidorino","Veneno",,"61","72","57","55","55","65","https://images.wikidexcdn.net/mwuploads/wikidex/3/38/latest/20260306153303/Segunda_generaci%C3%B3n.svg","Nidorino"
"nihilego","Nihilego","Nihilego","Roca","Veneno","109","53","47","127","131","103","https://images.wikidexcdn.net/mwuploads/wikidex/a/a6/latest/20260306153527/S%C3%A9ptima_generaci%C3%B3n.svg","Nihilego"
"nincada","Nincada","Nincada","Bicho","Tierra","31","45","90","30","30","40","https://images.wikidexcdn.net/mwuploads/wikidex/thumb/3/33/latest/20251020085001/Tipo_normal_LPZA.png/80px-Tipo_normal_LPZA.png","Nincada"
"ninetales","Ninetales","Ninetales","Fuego",,"73","76","75","81","100","100","https://images.wikidexcdn.net/mwuploads/wikidex/thumb/3/33/latest/20251020085001/Tipo_normal_LPZA.png/75px-Tipo_normal_LPZA.png","Ninetales"
"ninetales-de-alola","Ninetales de Alola","Ninetales","Hielo","Hada","73","67","75","81","100","109","https://images.wikidexcdn.net/mwuploads/wikidex/thumb/3/33/latest/20251020085001/Tipo_normal_LPZA.png/75px-Tipo_normal_LPZA.png","Ninetales_de_Alola"
"ninjask","Ninjask","Ninjask","Bicho","Volador","61","90","45","50","50","160","https://images.wikidexcdn.net/mwuploads/wikidex/thumb/3/33/latest/20251020085001/Tipo_normal_LPZA.png/80px-Tipo_normal_LPZA.png","Ninjask"
"noctowl","Noctowl","Noctowl","Normal","Volador","100","50","50","86","96","70","https://images.wikidexcdn.net/mwuploads/wikidex/thumb/b/ba/latest/20251020084937/Tipo_ps%C3%ADquico_LPZA.png/80px-Tipo_ps%C3%ADquico_LPZA.png","Noctowl"
"noibat","Noibat","Noibat","Volador","Dragón","40","30","35","45","40","55","https://images.wikidexcdn.net/mwuploads/wikidex/9/9e/latest/20260306153505/Sexta_generaci%C3%B3n.svg","Noibat"
"noivern","Noivern","Noivern","Volador","Dragón","85","70","80","97","80","123","https://images.wikidexcdn.net/mwuploads/wikidex/thumb/3/33/latest/20251020085001/Tipo_normal_LPZA.png/75px-Tipo_normal_LPZA.png","Noivern"
"nosepass","Nosepass","Nosepass","Roca",,"30","45","135","45","90","30","https://images.wikidexcdn.net/mwuploads/wikidex/thumb/3/33/latest/20251020085001/Tipo_normal_LPZA.png/80px-Tipo_normal_LPZA.png","Nosepass"
"numel","Numel","Numel","Fuego","Tierra","60","60","40","65","45","35","https://images.wikidexcdn.net/mwuploads/wikidex/thumb/d/df/latest/20251020084956/Tipo_hada_LPZA.png/80px-Tipo_hada_LPZA.png","Numel"
"nuzleaf","Nuzleaf","Nuzleaf","Planta","Siniestro","70","70","40","60","40","60","https://images.wikidexcdn.net/mwuploads/wikidex/thumb/3/33/latest/20251020085001/Tipo_normal_LPZA.png/80px-Tipo_normal_LPZA.png","Nuzleaf"
"nymble","Nymble","Nymble","Bicho",,"33","46","40","21","25","45","https://images.wikidexcdn.net/mwuploads/wikidex/8/8c/latest/20260306153605/Novena_generaci%C3%B3n.svg","Nymble"
"obstagoon","Obstagoon","Obstagoon","Siniestro","Normal","93","90","101","60","81","95","https://images.wikidexcdn.net/mwuploads/wikidex/4/4b/latest/20260306153545/Octava_generaci%C3%B3n.svg","Obstagoon"
"octillery","Octillery","Octillery","Agua",,"75","105","75","105","75","45","https://images.wikidexcdn.net/mwuploads/wikidex/thumb/3/33/latest/20251020085001/Tipo_normal_LPZA.png/80px-Tipo_normal_LPZA.png","Octillery"
"oddish","Oddish","Oddish","Planta","Veneno","45","50","55","75","65","30","https://images.wikidexcdn.net/mwuploads/wikidex/thumb/3/33/latest/20251020085001/Tipo_normal_LPZA.png/80px-Tipo_normal_LPZA.png","Oddish"
"ogerpon","Ogerpon","Ogerpon","Planta",,"80","120","84","60","96","110","https://images.wikidexcdn.net/mwuploads/wikidex/thumb/9/99/latest/20221208180705/Tipo_normal_EP.png/90px-Tipo_normal_EP.png","Ogerpon"
"oinkologne-hembra","Oinkologne hembra","Oinkologne","Normal",,"115","90","70","59","90","65","https://images.wikidexcdn.net/mwuploads/wikidex/thumb/9/99/latest/20221208180705/Tipo_normal_EP.png/90px-Tipo_normal_EP.png","Oinkologne"
"oinkologne-macho","Oinkologne macho","Oinkologne","Normal",,"110","100","75","59","80","65","https://images.wikidexcdn.net/mwuploads/wikidex/thumb/9/99/latest/20221208180705/Tipo_normal_EP.png/90px-Tipo_normal_EP.png","Oinkologne"
"okidogi","Okidogi","Okidogi","Veneno","Lucha","88","128","115","58","86","80","https://images.wikidexcdn.net/mwuploads/wikidex/thumb/9/99/latest/20221208180705/Tipo_normal_EP.png/90px-Tipo_normal_EP.png","Okidogi"
"omanyte","Omanyte","Omanyte","Roca","Agua","35","40","100","90","55","35","https://images.wikidexcdn.net/mwuploads/wikidex/thumb/3/32/latest/20251020084942/Tipo_hielo_LPZA.png/80px-Tipo_hielo_LPZA.png","Omanyte"
"omastar","Omastar","Omastar","Roca","Agua","70","60","125","115","70","55","https://images.wikidexcdn.net/mwuploads/wikidex/3/38/latest/20260306153303/Segunda_generaci%C3%B3n.svg","Omastar"
"ondulagua","Ondulagua","Ondulagua","Agua","Dragón","99","83","91","125","83","109","https://images.wikidexcdn.net/mwuploads/wikidex/thumb/9/99/latest/20221208180705/Tipo_normal_EP.png/90px-Tipo_normal_EP.png","Ondulagua"
"onix","Onix","Onix","Roca","Tierra","35","45","160","30","45","70","https://images.wikidexcdn.net/mwuploads/wikidex/thumb/3/33/latest/20251020085001/Tipo_normal_LPZA.png/80px-Tipo_normal_LPZA.png","Onix"
"oranguru","Oranguru","Oranguru","Normal","Psíquico","90","60","80","90","110","60","https://images.wikidexcdn.net/mwuploads/wikidex/thumb/3/33/latest/20251020085001/Tipo_normal_LPZA.png/75px-Tipo_normal_LPZA.png","Oranguru"
"orbeetle","Orbeetle","Orbeetle","Bicho","Psíquico","60","45","110","80","120","90","https://images.wikidexcdn.net/mwuploads/wikidex/4/4b/latest/20260306153545/Octava_generaci%C3%B3n.svg","Orbeetle"
"oricorio","Oricorio","Oricorio","Volador",,"75","70","70","98","70","93","https://images.wikidexcdn.net/mwuploads/wikidex/a/a6/latest/20260306153527/S%C3%A9ptima_generaci%C3%B3n.svg","Oricorio"
"orthworm","Orthworm","Orthworm","Acero",,"70","85","145","60","55","65","https://images.wikidexcdn.net/mwuploads/wikidex/thumb/3/33/latest/20251020085001/Tipo_normal_LPZA.png/75px-Tipo_normal_LPZA.png","Orthworm"
"oshawott","Oshawott","Oshawott","Agua",,"55","55","45","63","45","45","https://images.wikidexcdn.net/mwuploads/wikidex/9/9f/latest/20260306180702/Quinta_generaci%C3%B3n.svg","Oshawott"
"overqwil","Overqwil","Overqwil","Siniestro","Veneno","85","115","95","65","65","85","https://images.wikidexcdn.net/mwuploads/wikidex/thumb/3/33/latest/20251020085001/Tipo_normal_LPZA.png/75px-Tipo_normal_LPZA.png","Overqwil"
"pachirisu","Pachirisu","Pachirisu","Eléctrico",,"60","45","70","45","90","95","https://images.wikidexcdn.net/mwuploads/wikidex/5/5a/latest/20260306180611/Cuarta_generaci%C3%B3n.svg","Pachirisu"
"palkia","Palkia","Palkia","Agua","Dragón","90","120","100","150","120","100","https://images.wikidexcdn.net/mwuploads/wikidex/5/5a/latest/20260306180611/Cuarta_generaci%C3%B3n.svg","Palkia"
"palossand","Palossand","Palossand","Fantasma","Tierra","85","75","110","100","75","35","https://images.wikidexcdn.net/mwuploads/wikidex/a/a6/latest/20260306153527/S%C3%A9ptima_generaci%C3%B3n.svg","Palossand"
"palpitoad","Palpitoad","Palpitoad","Agua","Tierra","75","65","55","65","55","69","https://images.wikidexcdn.net/mwuploads/wikidex/thumb/c/cc/latest/20251020084843/Tipo_volador_LPZA.png/80px-Tipo_volador_LPZA.png","Palpitoad"
"pancham","Pancham","Pancham","Lucha",,"67","82","62","46","48","43","https://images.wikidexcdn.net/mwuploads/wikidex/9/9e/latest/20260306153505/Sexta_generaci%C3%B3n.svg","Pancham"
"pangoro","Pangoro","Pangoro","Lucha","Siniestro","95","124","78","69","71","58","https://images.wikidexcdn.net/mwuploads/wikidex/thumb/3/33/latest/20251020085001/Tipo_normal_LPZA.png/75px-Tipo_normal_LPZA.png","Pangoro"
"panpour","Panpour","Panpour","Agua",,"50","53","48","53","48","64","https://images.wikidexcdn.net/mwuploads/wikidex/9/9f/latest/20260306180702/Quinta_generaci%C3%B3n.svg","Panpour"
"pansage","Pansage","Pansage","Planta",,"50","53","48","53","48","64","https://images.wikidexcdn.net/mwuploads/wikidex/9/9f/latest/20260306180702/Quinta_generaci%C3%B3n.svg","Pansage"
"pansear","Pansear","Pansear","Fuego",,"50","53","48","53","48","64","https://images.wikidexcdn.net/mwuploads/wikidex/9/9f/latest/20260306180702/Quinta_generaci%C3%B3n.svg","Pansear"
"paras","Paras","Paras","Bicho","Planta","35","70","55","45","55","25","https://images.wikidexcdn.net/mwuploads/wikidex/thumb/3/33/latest/20251020085001/Tipo_normal_LPZA.png/80px-Tipo_normal_LPZA.png","Paras"
"parasect","Parasect","Parasect","Bicho","Planta","60","95","80","60","80","30","https://images.wikidexcdn.net/mwuploads/wikidex/thumb/7/7b/latest/20251020084928/Tipo_planta_LPZA.png/80px-Tipo_planta_LPZA.png","Parasect"
"passimian","Passimian","Passimian","Lucha",,"100","120","90","40","60","80","https://images.wikidexcdn.net/mwuploads/wikidex/thumb/3/33/latest/20251020085001/Tipo_normal_LPZA.png/75px-Tipo_normal_LPZA.png","Passimian"
"patrat","Patrat","Patrat","Normal",,"45","55","39","35","39","42","https://images.wikidexcdn.net/mwuploads/wikidex/9/9f/latest/20260306180702/Quinta_generaci%C3%B3n.svg","Patrat"
"pawmi","Pawmi","Pawmi","Eléctrico",,"45","50","20","40","25","60","https://images.wikidexcdn.net/mwuploads/wikidex/8/8c/latest/20260306153605/Novena_generaci%C3%B3n.svg","Pawmi"
"pawmo","Pawmo","Pawmo","Eléctrico","Lucha","60","75","40","50","40","85","https://images.wikidexcdn.net/mwuploads/wikidex/thumb/9/99/latest/20221208180705/Tipo_normal_EP.png/90px-Tipo_normal_EP.png","Pawmo"
"pawmot","Pawmot","Pawmot","Eléctrico","Lucha","70","115","70","70","60","105","https://images.wikidexcdn.net/mwuploads/wikidex/thumb/9/99/latest/20221208180705/Tipo_normal_EP.png/90px-Tipo_normal_EP.png","Pawmot"
"pawniard","Pawniard","Pawniard","Siniestro","Acero","45","85","70","40","40","60","https://images.wikidexcdn.net/mwuploads/wikidex/9/9f/latest/20260306180702/Quinta_generaci%C3%B3n.svg","Pawniard"
"pecharunt","Pecharunt","Pecharunt","Veneno","Fantasma","88","88","160","88","88","88","https://images.wikidexcdn.net/mwuploads/wikidex/thumb/d/de/latest/20221208180734/Tipo_siniestro_EP.png/90px-Tipo_siniestro_EP.png","Pecharunt"
"pelarena","Pelarena","Pelarena","Eléctrico","Tierra","85","81","97","121","85","101","https://images.wikidexcdn.net/mwuploads/wikidex/thumb/9/99/latest/20221208180705/Tipo_normal_EP.png/90px-Tipo_normal_EP.png","Pelarena"
"pelipper","Pelipper","Pelipper","Agua","Volador","60","50","100","95","70","65","https://images.wikidexcdn.net/mwuploads/wikidex/thumb/3/33/latest/20251020085001/Tipo_normal_LPZA.png/75px-Tipo_normal_LPZA.png","Pelipper"
"perrserker","Perrserker","Perrserker","Acero",,"70","110","100","50","60","50","https://images.wikidexcdn.net/mwuploads/wikidex/4/4b/latest/20260306153545/Octava_generaci%C3%B3n.svg","Perrserker"
"persian","Persian","Persian","Normal",,"65","70","60","65","65","115","https://images.wikidexcdn.net/mwuploads/wikidex/3/38/latest/20260306153303/Segunda_generaci%C3%B3n.svg","Persian"
"persian-de-alola","Persian de Alola","Persian","Siniestro",,"65","60","60","75","65","115","https://images.wikidexcdn.net/mwuploads/wikidex/a/a6/latest/20260306153527/S%C3%A9ptima_generaci%C3%B3n.svg","Persian_de_Alola"
"petilil","Petilil","Petilil","Planta",,"45","35","50","70","50","30","https://images.wikidexcdn.net/mwuploads/wikidex/9/9f/latest/20260306180702/Quinta_generaci%C3%B3n.svg","Petilil"
"phanpy","Phanpy","Phanpy","Tierra",,"90","60","60","40","40","40","https://images.wikidexcdn.net/mwuploads/wikidex/thumb/4/46/latest/20251020084914/Tipo_acero_LPZA.png/80px-Tipo_acero_LPZA.png","Phanpy"
"phantump","Phantump","Phantump","Fantasma","Planta","43","70","48","50","60","38","https://images.wikidexcdn.net/mwuploads/wikidex/9/9e/latest/20260306153505/Sexta_generaci%C3%B3n.svg","Phantump"
"pheromosa","Pheromosa","Pheromosa","Bicho","Lucha","71","137","37","137","37","151","https://images.wikidexcdn.net/mwuploads/wikidex/a/a6/latest/20260306153527/S%C3%A9ptima_generaci%C3%B3n.svg","Pheromosa"
"phione","Phione","Phione","Agua",,"80","80","80","80","80","80","https://images.wikidexcdn.net/mwuploads/wikidex/thumb/3/33/latest/20251020085001/Tipo_normal_LPZA.png/80px-Tipo_normal_LPZA.png","Phione"
"pichu","Pichu","Pichu","Eléctrico",,"20","40","15","35","35","60","https://images.wikidexcdn.net/mwuploads/wikidex/thumb/3/33/latest/20251020085001/Tipo_normal_LPZA.png/80px-Tipo_normal_LPZA.png","Pichu"
"pidgeot","Pidgeot","Pidgeot","Normal","Volador","83","80","75","70","70","101","https://images.wikidexcdn.net/mwuploads/wikidex/thumb/3/33/latest/20251020085001/Tipo_normal_LPZA.png/75px-Tipo_normal_LPZA.png","Pidgeot"
"pidgeotto","Pidgeotto","Pidgeotto","Normal","Volador","63","60","55","50","50","71","https://images.wikidexcdn.net/mwuploads/wikidex/thumb/3/33/latest/20251020085001/Tipo_normal_LPZA.png/80px-Tipo_normal_LPZA.png","Pidgeotto"
"pidgey","Pidgey","Pidgey","Normal","Volador","40","45","40","35","35","56","https://images.wikidexcdn.net/mwuploads/wikidex/thumb/4/46/latest/20251020084914/Tipo_acero_LPZA.png/80px-Tipo_acero_LPZA.png","Pidgey"
"pidove","Pidove","Pidove","Normal","Volador","50","55","50","36","30","43","https://images.wikidexcdn.net/mwuploads/wikidex/9/9f/latest/20260306180702/Quinta_generaci%C3%B3n.svg","Pidove"
"pignite","Pignite","Pignite","Fuego","Lucha","90","93","55","70","55","55","https://images.wikidexcdn.net/mwuploads/wikidex/thumb/9/97/latest/20251020084919/Tipo_fuego_LPZA.png/80px-Tipo_fuego_LPZA.png","Pignite"
"pikachu","Pikachu","Pikachu","Eléctrico",,"35","55","40","50","50","90","https://images.wikidexcdn.net/mwuploads/wikidex/thumb/3/33/latest/20251020085001/Tipo_normal_LPZA.png/75px-Tipo_normal_LPZA.png","Pikachu"
"pikipek","Pikipek","Pikipek","Normal","Volador","35","75","30","30","30","65","https://images.wikidexcdn.net/mwuploads/wikidex/a/a6/latest/20260306153527/S%C3%A9ptima_generaci%C3%B3n.svg","Pikipek"
"piloswine","Piloswine","Piloswine","Hielo","Tierra","100","100","80","60","60","50","https://images.wikidexcdn.net/mwuploads/wikidex/thumb/3/33/latest/20251020085001/Tipo_normal_LPZA.png/80px-Tipo_normal_LPZA.png","Piloswine"
"pincurchin","Pincurchin","Pincurchin","Eléctrico",,"48","101","95","91","85","15","https://images.wikidexcdn.net/mwuploads/wikidex/4/4b/latest/20260306153545/Octava_generaci%C3%B3n.svg","Pincurchin"
"pineco","Pineco","Pineco","Bicho",,"50","65","90","35","35","15","https://images.wikidexcdn.net/mwuploads/wikidex/thumb/3/33/latest/20251020085001/Tipo_normal_LPZA.png/80px-Tipo_normal_LPZA.png","Pineco"
"pinsir","Pinsir","Pinsir","Bicho",,"65","125","100","55","70","85","https://images.wikidexcdn.net/mwuploads/wikidex/thumb/3/33/latest/20251020085001/Tipo_normal_LPZA.png/75px-Tipo_normal_LPZA.png","Pinsir"
"Mega-Pinsir","Mega-Pinsir","Pinsir","Bicho","Volador","65","155","120","65","90","105","https://images.wikidexcdn.net/mwuploads/wikidex/thumb/3/33/latest/20251020085001/Tipo_normal_LPZA.png/75px-Tipo_normal_LPZA.png","Pinsir"
"piplup","Piplup","Piplup","Agua",,"53","51","53","61","56","40","https://images.wikidexcdn.net/mwuploads/wikidex/5/5a/latest/20260306180611/Cuarta_generaci%C3%B3n.svg","Piplup"
"plusle","Plusle","Plusle","Eléctrico",,"60","50","40","85","75","95","https://images.wikidexcdn.net/mwuploads/wikidex/4/4a/latest/20260306153335/Tercera_generaci%C3%B3n.svg","Plusle"
"poipole","Poipole","Poipole","Veneno",,"67","73","67","73","67","73","https://images.wikidexcdn.net/mwuploads/wikidex/a/a6/latest/20260306153527/S%C3%A9ptima_generaci%C3%B3n.svg","Poipole"
"politoed","Politoed","Politoed","Agua",,"90","75","75","90","100","70","https://images.wikidexcdn.net/mwuploads/wikidex/thumb/3/33/latest/20251020085001/Tipo_normal_LPZA.png/75px-Tipo_normal_LPZA.png","Politoed"
"poliwag","Poliwag","Poliwag","Agua",,"40","50","40","40","40","90","https://images.wikidexcdn.net/mwuploads/wikidex/thumb/3/33/latest/20251020085001/Tipo_normal_LPZA.png/80px-Tipo_normal_LPZA.png","Poliwag"
"poliwhirl","Poliwhirl","Poliwhirl","Agua",,"65","65","65","50","50","90","https://images.wikidexcdn.net/mwuploads/wikidex/thumb/a/a9/latest/20210524164845/Poliwhirl_HOME.png/100px-Poliwhirl_HOME.png","Poliwhirl"
"poliwrath","Poliwrath","Poliwrath","Agua","Lucha","90","95","95","70","90","70","https://images.wikidexcdn.net/mwuploads/wikidex/thumb/3/33/latest/20251020085001/Tipo_normal_LPZA.png/80px-Tipo_normal_LPZA.png","Poliwrath"
"poltchageist","Poltchageist","Poltchageist","Planta","Fantasma","40","45","45","74","54","50","https://images.wikidexcdn.net/mwuploads/wikidex/thumb/9/99/latest/20221208180705/Tipo_normal_EP.png/90px-Tipo_normal_EP.png","Poltchageist"
"polteageist","Polteageist","Polteageist","Fantasma",,"60","65","65","134","114","70","https://images.wikidexcdn.net/mwuploads/wikidex/thumb/3/33/latest/20251020085001/Tipo_normal_LPZA.png/75px-Tipo_normal_LPZA.png","Polteageist"
"ponyta","Ponyta","Ponyta","Fuego",,"50","85","55","65","65","90","https://images.wikidexcdn.net/mwuploads/wikidex/thumb/9/97/latest/20251020084919/Tipo_fuego_LPZA.png/80px-Tipo_fuego_LPZA.png","Ponyta"
"ponyta-de-galar","Ponyta de Galar","Ponyta","Psíquico",,"50","85","55","65","65","90","https://images.wikidexcdn.net/mwuploads/wikidex/4/4b/latest/20260306153545/Octava_generaci%C3%B3n.svg","Ponyta_de_Galar"
"poochyena","Poochyena","Poochyena","Siniestro",,"35","55","35","30","30","35","https://images.wikidexcdn.net/mwuploads/wikidex/thumb/3/33/latest/20251020085001/Tipo_normal_LPZA.png/80px-Tipo_normal_LPZA.png","Poochyena"
"popplio","Popplio","Popplio","Agua",,"50","54","54","66","56","40","https://images.wikidexcdn.net/mwuploads/wikidex/a/a6/latest/20260306153527/S%C3%A9ptima_generaci%C3%B3n.svg","Popplio"
"porygon","Porygon","Porygon","Normal",,"65","60","70","85","75","40","https://images.wikidexcdn.net/mwuploads/wikidex/thumb/a/ac/latest/20210524165034/Porygon_HOME.png/100px-Porygon_HOME.png","Porygon"
"porygon-z","Porygon-Z","Porygon-Z","Normal",,"85","80","70","135","75","90","https://images.wikidexcdn.net/mwuploads/wikidex/thumb/3/33/latest/20251020085001/Tipo_normal_LPZA.png/80px-Tipo_normal_LPZA.png","Porygon-Z"
"porygon2","Porygon2","Porygon2","Normal",,"85","80","90","105","95","60","https://images.wikidexcdn.net/mwuploads/wikidex/thumb/3/33/latest/20251020085001/Tipo_normal_LPZA.png/80px-Tipo_normal_LPZA.png","Porygon2"
"primarina","Primarina","Primarina","Agua","Hada","80","74","74","126","116","60","https://images.wikidexcdn.net/mwuploads/wikidex/thumb/3/33/latest/20251020085001/Tipo_normal_LPZA.png/75px-Tipo_normal_LPZA.png","Primarina"
"primeape","Primeape","Primeape","Lucha",,"65","105","60","60","70","95","https://images.wikidexcdn.net/mwuploads/wikidex/thumb/3/33/latest/20251020085001/Tipo_normal_LPZA.png/80px-Tipo_normal_LPZA.png","Primeape"
"prinplup","Prinplup","Prinplup","Agua",,"64","66","68","81","76","50","https://images.wikidexcdn.net/mwuploads/wikidex/thumb/3/33/latest/20251020085001/Tipo_normal_LPZA.png/80px-Tipo_normal_LPZA.png","Prinplup"
"probopass","Probopass","Probopass","Roca","Acero","60","55","145","75","150","40","https://images.wikidexcdn.net/mwuploads/wikidex/thumb/4/4c/latest/20251020084900/Tipo_roca_LPZA.png/80px-Tipo_roca_LPZA.png","Probopass"
"psyduck","Psyduck","Psyduck","Agua",,"50","52","48","65","50","55","https://images.wikidexcdn.net/mwuploads/wikidex/thumb/b/ba/latest/20251020084937/Tipo_ps%C3%ADquico_LPZA.png/80px-Tipo_ps%C3%ADquico_LPZA.png","Psyduck"
"pupitar","Pupitar","Pupitar","Roca","Tierra","70","84","70","65","70","51","https://images.wikidexcdn.net/mwuploads/wikidex/thumb/4/4c/latest/20251020084900/Tipo_roca_LPZA.png/80px-Tipo_roca_LPZA.png","Pupitar"
"purrloin","Purrloin","Purrloin","Siniestro",,"41","50","37","50","37","66","https://images.wikidexcdn.net/mwuploads/wikidex/9/9f/latest/20260306180702/Quinta_generaci%C3%B3n.svg","Purrloin"
"purugly","Purugly","Purugly","Normal",,"71","82","64","64","59","112","https://images.wikidexcdn.net/mwuploads/wikidex/thumb/3/33/latest/20251020085001/Tipo_normal_LPZA.png/80px-Tipo_normal_LPZA.png","Purugly"
"pyroar","Pyroar","Pyroar","Fuego","Normal","86","68","72","109","66","106","https://images.wikidexcdn.net/mwuploads/wikidex/thumb/3/33/latest/20251020085001/Tipo_normal_LPZA.png/75px-Tipo_normal_LPZA.png","Pyroar"
"pyukumuku","Pyukumuku","Pyukumuku","Agua",,"55","60","130","30","130","5","https://images.wikidexcdn.net/mwuploads/wikidex/a/a6/latest/20260306153527/S%C3%A9ptima_generaci%C3%B3n.svg","Pyukumuku"
"quagsire","Quagsire","Quagsire","Agua","Tierra","95","85","85","65","65","35","https://images.wikidexcdn.net/mwuploads/wikidex/thumb/3/32/latest/20251020084942/Tipo_hielo_LPZA.png/80px-Tipo_hielo_LPZA.png","Quagsire"
"quaquaval","Quaquaval","Quaquaval","Agua","Lucha","85","120","80","85","75","85","https://images.wikidexcdn.net/mwuploads/wikidex/thumb/3/33/latest/20251020085001/Tipo_normal_LPZA.png/75px-Tipo_normal_LPZA.png","Quaquaval"
"quaxly","Quaxly","Quaxly","Agua",,"55","65","45","50","45","50","https://images.wikidexcdn.net/mwuploads/wikidex/8/8c/latest/20260306153605/Novena_generaci%C3%B3n.svg","Quaxly"
"quaxwell","Quaxwell","Quaxwell","Agua",,"70","85","65","65","60","65","https://images.wikidexcdn.net/mwuploads/wikidex/thumb/9/99/latest/20221208180705/Tipo_normal_EP.png/90px-Tipo_normal_EP.png","Quaxwell"
"quilava","Quilava","Quilava","Fuego",,"58","64","58","80","65","80","https://images.wikidexcdn.net/mwuploads/wikidex/thumb/3/33/latest/20251020085001/Tipo_normal_LPZA.png/80px-Tipo_normal_LPZA.png","Quilava"
"quilladin","Quilladin","Quilladin","Planta",,"61","78","95","56","58","57","https://images.wikidexcdn.net/mwuploads/wikidex/9/9e/latest/20260306153505/Sexta_generaci%C3%B3n.svg","Quilladin"
"qwilfish","Qwilfish","Qwilfish","Agua","Veneno","65","95","85","55","55","85","https://images.wikidexcdn.net/mwuploads/wikidex/thumb/3/33/latest/20251020085001/Tipo_normal_LPZA.png/75px-Tipo_normal_LPZA.png","Qwilfish"
"qwilfish-de-hisui","Qwilfish de Hisui","Qwilfish","Siniestro","Veneno","65","95","85","55","55","85","https://images.wikidexcdn.net/mwuploads/wikidex/8/8c/latest/20260306153605/Novena_generaci%C3%B3n.svg","Qwilfish_de_Hisui"
"raboot","Raboot","Raboot","Fuego",,"65","86","60","55","60","94","https://images.wikidexcdn.net/mwuploads/wikidex/4/4b/latest/20260306153545/Octava_generaci%C3%B3n.svg","Raboot"
"rabsca","Rabsca","Rabsca","Bicho","Psíquico","75","50","85","115","100","45","https://images.wikidexcdn.net/mwuploads/wikidex/thumb/9/99/latest/20221208180705/Tipo_normal_EP.png/90px-Tipo_normal_EP.png","Rabsca"
"raichu","Raichu","Raichu","Eléctrico",,"60","90","55","90","80","110","https://images.wikidexcdn.net/mwuploads/wikidex/thumb/3/33/latest/20251020085001/Tipo_normal_LPZA.png/75px-Tipo_normal_LPZA.png","Raichu"
"raichu-de-alola","Raichu de Alola","Raichu","Eléctrico","Psíquico","60","85","50","95","85","110","https://images.wikidexcdn.net/mwuploads/wikidex/thumb/3/33/latest/20251020085001/Tipo_normal_LPZA.png/75px-Tipo_normal_LPZA.png","Raichu_de_Alola"
"raikou","Raikou","Raikou","Eléctrico",,"90","85","75","115","100","115","https://images.wikidexcdn.net/mwuploads/wikidex/thumb/c/c6/latest/20251020084932/Tipo_el%C3%A9ctrico_LPZA.png/80px-Tipo_el%C3%A9ctrico_LPZA.png","Raikou"
"ralts","Ralts","Ralts","Psíquico","Hada","28","25","25","45","35","40","https://images.wikidexcdn.net/mwuploads/wikidex/thumb/3/33/latest/20251020085001/Tipo_normal_LPZA.png/80px-Tipo_normal_LPZA.png","Ralts"
"rampardos","Rampardos","Rampardos","Roca",,"97","165","60","65","50","58","https://images.wikidexcdn.net/mwuploads/wikidex/thumb/3/33/latest/20251020085001/Tipo_normal_LPZA.png/75px-Tipo_normal_LPZA.png","Rampardos"
"rapidash","Rapidash","Rapidash","Fuego",,"65","100","70","80","80","105","https://images.wikidexcdn.net/mwuploads/wikidex/thumb/3/33/latest/20251020085001/Tipo_normal_LPZA.png/80px-Tipo_normal_LPZA.png","Rapidash"
"rapidash-de-galar","Rapidash de Galar","Rapidash","Psíquico","Hada","65","100","70","80","80","105","https://images.wikidexcdn.net/mwuploads/wikidex/4/4b/latest/20260306153545/Octava_generaci%C3%B3n.svg","Rapidash_de_Galar"
"raticate","Raticate","Raticate","Normal",,"55","81","60","50","70","97","https://images.wikidexcdn.net/mwuploads/wikidex/thumb/3/33/latest/20251020085001/Tipo_normal_LPZA.png/80px-Tipo_normal_LPZA.png","Raticate"
"raticate-de-alola","Raticate de Alola","Raticate","Siniestro","Normal","75","71","70","40","80","77","https://images.wikidexcdn.net/mwuploads/wikidex/a/a6/latest/20260306153527/S%C3%A9ptima_generaci%C3%B3n.svg","Raticate_de_Alola"
"rattata","Rattata","Rattata","Normal",,"30","56","35","25","35","72","https://images.wikidexcdn.net/mwuploads/wikidex/thumb/4/46/latest/20251020084914/Tipo_acero_LPZA.png/80px-Tipo_acero_LPZA.png","Rattata"
"rattata-de-alola","Rattata de Alola","Rattata","Siniestro","Normal","30","56","35","25","35","72","https://images.wikidexcdn.net/mwuploads/wikidex/a/a6/latest/20260306153527/S%C3%A9ptima_generaci%C3%B3n.svg","Rattata_de_Alola"
"rayquaza","Rayquaza","Rayquaza","Dragón","Volador","105","150","90","150","90","95","https://images.wikidexcdn.net/mwuploads/wikidex/thumb/9/97/latest/20251020084919/Tipo_fuego_LPZA.png/80px-Tipo_fuego_LPZA.png","Rayquaza"
"Mega-Rayquaza","Mega-Rayquaza","Rayquaza","Dragón","Volador","105","180","100","180","100","115","https://images.wikidexcdn.net/mwuploads/wikidex/thumb/9/97/latest/20251020084919/Tipo_fuego_LPZA.png/80px-Tipo_fuego_LPZA.png","Rayquaza"
"regice","Regice","Regice","Hielo",,"80","50","100","100","200","50","https://images.wikidexcdn.net/mwuploads/wikidex/4/4a/latest/20260306153335/Tercera_generaci%C3%B3n.svg","Regice"
"regidrago","Regidrago","Regidrago","Dragón",,"200","100","50","100","50","80","https://images.wikidexcdn.net/mwuploads/wikidex/4/4b/latest/20260306153545/Octava_generaci%C3%B3n.svg","Regidrago"
"regieleki","Regieleki","Regieleki","Eléctrico",,"80","100","50","100","50","200","https://images.wikidexcdn.net/mwuploads/wikidex/4/4b/latest/20260306153545/Octava_generaci%C3%B3n.svg","Regieleki"
"regigigas","Regigigas","Regigigas","Normal",,"110","160","110","80","110","100","https://images.wikidexcdn.net/mwuploads/wikidex/thumb/4/4c/latest/20251020084900/Tipo_roca_LPZA.png/80px-Tipo_roca_LPZA.png","Regigigas"
"regirock","Regirock","Regirock","Roca",,"80","100","200","50","100","50","https://images.wikidexcdn.net/mwuploads/wikidex/4/4a/latest/20260306153335/Tercera_generaci%C3%B3n.svg","Regirock"
"registeel","Registeel","Registeel","Acero",,"80","75","150","75","150","50","https://images.wikidexcdn.net/mwuploads/wikidex/4/4a/latest/20260306153335/Tercera_generaci%C3%B3n.svg","Registeel"
"relicanth","Relicanth","Relicanth","Agua","Roca","100","90","130","45","65","55","https://images.wikidexcdn.net/mwuploads/wikidex/thumb/e/e4/latest/20251020084855/Tipo_tierra_LPZA.png/80px-Tipo_tierra_LPZA.png","Relicanth"
"rellor","Rellor","Rellor","Bicho",,"41","50","60","31","58","30","https://images.wikidexcdn.net/mwuploads/wikidex/8/8c/latest/20260306153605/Novena_generaci%C3%B3n.svg","Rellor"
"remoraid","Remoraid","Remoraid","Agua",,"35","65","35","65","35","65","https://images.wikidexcdn.net/mwuploads/wikidex/thumb/4/4c/latest/20251020084900/Tipo_roca_LPZA.png/80px-Tipo_roca_LPZA.png","Remoraid"
"reptalada","Reptalada","Reptalada","Bicho","Lucha","85","135","79","85","105","81","https://images.wikidexcdn.net/mwuploads/wikidex/thumb/9/99/latest/20221208180705/Tipo_normal_EP.png/90px-Tipo_normal_EP.png","Reptalada"
"reshiram","Reshiram","Reshiram","Dragón","Fuego","100","120","100","150","120","90","https://images.wikidexcdn.net/mwuploads/wikidex/9/9f/latest/20260306180702/Quinta_generaci%C3%B3n.svg","Reshiram"
"reuniclus","Reuniclus","Reuniclus","Psíquico",,"110","65","75","125","85","30","https://images.wikidexcdn.net/mwuploads/wikidex/thumb/3/33/latest/20251020085001/Tipo_normal_LPZA.png/75px-Tipo_normal_LPZA.png","Reuniclus"
"revavroom","Revavroom","Revavroom","Acero","Veneno","80","119","90","54","67","90","https://images.wikidexcdn.net/mwuploads/wikidex/thumb/9/99/latest/20221208180705/Tipo_normal_EP.png/90px-Tipo_normal_EP.png","Revavroom"
"rhydon","Rhydon","Rhydon","Tierra","Roca","105","130","120","45","45","40","https://images.wikidexcdn.net/mwuploads/wikidex/thumb/3/33/latest/20251020085001/Tipo_normal_LPZA.png/80px-Tipo_normal_LPZA.png","Rhydon"
"rhyhorn","Rhyhorn","Rhyhorn","Tierra","Roca","80","85","95","30","30","25","https://images.wikidexcdn.net/mwuploads/wikidex/3/38/latest/20260306153303/Segunda_generaci%C3%B3n.svg","Rhyhorn"
"rhyperior","Rhyperior","Rhyperior","Tierra","Roca","115","140","130","55","55","40","https://images.wikidexcdn.net/mwuploads/wikidex/thumb/3/33/latest/20251020085001/Tipo_normal_LPZA.png/75px-Tipo_normal_LPZA.png","Rhyperior"
"ribombee","Ribombee","Ribombee","Bicho","Hada","60","55","60","95","70","124","https://images.wikidexcdn.net/mwuploads/wikidex/a/a6/latest/20260306153527/S%C3%A9ptima_generaci%C3%B3n.svg","Ribombee"
"rillaboom","Rillaboom","Rillaboom","Planta",,"100","125","90","60","70","85","https://images.wikidexcdn.net/mwuploads/wikidex/4/4b/latest/20260306153545/Octava_generaci%C3%B3n.svg","Rillaboom"
"riolu","Riolu","Riolu","Lucha",,"40","70","40","35","40","60","https://images.wikidexcdn.net/mwuploads/wikidex/5/5a/latest/20260306180611/Cuarta_generaci%C3%B3n.svg","Riolu"
"rockruff","Rockruff","Rockruff","Roca",,"45","65","40","30","40","60","https://images.wikidexcdn.net/mwuploads/wikidex/a/a6/latest/20260306153527/S%C3%A9ptima_generaci%C3%B3n.svg","Rockruff"
"roggenrola","Roggenrola","Roggenrola","Roca",,"55","75","85","25","25","15","https://images.wikidexcdn.net/mwuploads/wikidex/9/9f/latest/20260306180702/Quinta_generaci%C3%B3n.svg","Roggenrola"
"rolycoly","Rolycoly","Rolycoly","Roca",,"30","40","50","40","50","30","https://images.wikidexcdn.net/mwuploads/wikidex/4/4b/latest/20260306153545/Octava_generaci%C3%B3n.svg","Rolycoly"
"rookidee","Rookidee","Rookidee","Volador",,"38","47","35","33","35","57","https://images.wikidexcdn.net/mwuploads/wikidex/4/4b/latest/20260306153545/Octava_generaci%C3%B3n.svg","Rookidee"
"roselia","Roselia","Roselia","Planta","Veneno","50","60","45","100","80","65","https://images.wikidexcdn.net/mwuploads/wikidex/thumb/d/df/latest/20251020084956/Tipo_hada_LPZA.png/80px-Tipo_hada_LPZA.png","Roselia"
"roserade","Roserade","Roserade","Planta","Veneno","60","70","65","125","105","90","https://images.wikidexcdn.net/mwuploads/wikidex/thumb/3/33/latest/20251020085001/Tipo_normal_LPZA.png/75px-Tipo_normal_LPZA.png","Roserade"
"rotom normal","Rotom","Rotom","Eléctrico","Fantasma","50","50","77","95","77","91","https://images.wikidexcdn.net/mwuploads/wikidex/thumb/3/33/latest/20251020085001/Tipo_normal_LPZA.png/75px-Tipo_normal_LPZA.png","Rotom"
"rotom","Rotom Forma calor","Rotom","Eléctrico","Fuego","50","65","107","105","107","86","https://images.wikidexcdn.net/mwuploads/wikidex/thumb/3/33/latest/20251020085001/Tipo_normal_LPZA.png/75px-Tipo_normal_LPZA.png","Rotom"
"rotom-1","Rotom Forma lavado","Rotom","Eléctrico","Agua","50","65","107","105","107","86","https://images.wikidexcdn.net/mwuploads/wikidex/thumb/3/33/latest/20251020085001/Tipo_normal_LPZA.png/75px-Tipo_normal_LPZA.png","Rotom"
"rotom-2","Rotom Forma frío","Rotom","Eléctrico","Hielo","50","65","107","105","107","86","https://images.wikidexcdn.net/mwuploads/wikidex/thumb/3/33/latest/20251020085001/Tipo_normal_LPZA.png/75px-Tipo_normal_LPZA.png","Rotom"
"rotom-3","Rotom Forma ventilador","Rotom","Eléctrico","Volador","50","65","107","105","107","86","https://images.wikidexcdn.net/mwuploads/wikidex/thumb/3/33/latest/20251020085001/Tipo_normal_LPZA.png/75px-Tipo_normal_LPZA.png","Rotom"
"rotom-4","Rotom Forma corte","Rotom","Eléctrico","Planta","50","65","107","105","107","86","https://images.wikidexcdn.net/mwuploads/wikidex/thumb/3/33/latest/20251020085001/Tipo_normal_LPZA.png/75px-Tipo_normal_LPZA.png","Rotom"
"rowlet","Rowlet","Rowlet","Planta","Volador","68","55","55","50","50","42","https://images.wikidexcdn.net/mwuploads/wikidex/a/a6/latest/20260306153527/S%C3%A9ptima_generaci%C3%B3n.svg","Rowlet"
"rufflet","Rufflet","Rufflet","Normal","Volador","70","83","50","37","50","60","https://images.wikidexcdn.net/mwuploads/wikidex/9/9f/latest/20260306180702/Quinta_generaci%C3%B3n.svg","Rufflet"
"runerigus","Runerigus","Runerigus","Tierra","Fantasma","58","95","145","50","105","30","https://images.wikidexcdn.net/mwuploads/wikidex/thumb/3/33/latest/20251020085001/Tipo_normal_LPZA.png/75px-Tipo_normal_LPZA.png","Runerigus"
"sableye","Sableye","Sableye","Siniestro","Fantasma","50","75","75","65","65","50","https://images.wikidexcdn.net/mwuploads/wikidex/thumb/3/33/latest/20251020085001/Tipo_normal_LPZA.png/75px-Tipo_normal_LPZA.png","Sableye"
"Mega-Sableye","Mega-Sableye","Sableye","Siniestro","Fantasma","50","85","125","85","115","20","https://images.wikidexcdn.net/mwuploads/wikidex/thumb/3/33/latest/20251020085001/Tipo_normal_LPZA.png/75px-Tipo_normal_LPZA.png","Sableye"
"salamence","Salamence","Salamence","Dragón","Volador","95","135","80","110","80","100","https://images.wikidexcdn.net/mwuploads/wikidex/thumb/3/33/latest/20251020085001/Tipo_normal_LPZA.png/80px-Tipo_normal_LPZA.png","Salamence"
"salandit","Salandit","Salandit","Veneno","Fuego","48","44","40","71","40","77","https://images.wikidexcdn.net/mwuploads/wikidex/a/a6/latest/20260306153527/S%C3%A9ptima_generaci%C3%B3n.svg","Salandit"
"salazzle","Salazzle","Salazzle","Veneno","Fuego","68","64","60","111","60","117","https://images.wikidexcdn.net/mwuploads/wikidex/thumb/3/33/latest/20251020085001/Tipo_normal_LPZA.png/75px-Tipo_normal_LPZA.png","Salazzle"
"samurott","Samurott","Samurott","Agua",,"95","100","85","108","70","70","https://images.wikidexcdn.net/mwuploads/wikidex/thumb/3/33/latest/20251020085001/Tipo_normal_LPZA.png/75px-Tipo_normal_LPZA.png","Samurott"
"samurott-de-hisui","Samurott de Hisui","Samurott","Agua","Siniestro","90","108","80","100","65","85","https://images.wikidexcdn.net/mwuploads/wikidex/thumb/3/33/latest/20251020085001/Tipo_normal_LPZA.png/75px-Tipo_normal_LPZA.png","Samurott_de_Hisui"
"sandaconda","Sandaconda","Sandaconda","Tierra",,"72","107","125","65","70","71","https://images.wikidexcdn.net/mwuploads/wikidex/thumb/3/33/latest/20251020085001/Tipo_normal_LPZA.png/75px-Tipo_normal_LPZA.png","Sandaconda"
"sandile","Sandile","Sandile","Tierra","Siniestro","50","72","35","35","35","65","https://images.wikidexcdn.net/mwuploads/wikidex/9/9f/latest/20260306180702/Quinta_generaci%C3%B3n.svg","Sandile"
"sandshrew","Sandshrew","Sandshrew","Tierra",,"50","75","85","20","30","40","https://images.wikidexcdn.net/mwuploads/wikidex/3/38/latest/20260306153303/Segunda_generaci%C3%B3n.svg","Sandshrew"
"sandshrew-de-alola","Sandshrew de Alola","Sandshrew","Hielo","Acero","50","75","90","10","35","40","https://images.wikidexcdn.net/mwuploads/wikidex/a/a6/latest/20260306153527/S%C3%A9ptima_generaci%C3%B3n.svg","Sandshrew_de_Alola"
"sandslash","Sandslash","Sandslash","Tierra",,"75","100","110","45","55","65","https://images.wikidexcdn.net/mwuploads/wikidex/4/4a/latest/20260306153335/Tercera_generaci%C3%B3n.svg","Sandslash"
"sandslash-de-alola","Sandslash de Alola","Sandslash","Hielo","Acero","75","100","120","25","65","65","https://images.wikidexcdn.net/mwuploads/wikidex/a/a6/latest/20260306153527/S%C3%A9ptima_generaci%C3%B3n.svg","Sandslash_de_Alola"
"sandygast","Sandygast","Sandygast","Fantasma","Tierra","55","55","80","70","45","15","https://images.wikidexcdn.net/mwuploads/wikidex/a/a6/latest/20260306153527/S%C3%A9ptima_generaci%C3%B3n.svg","Sandygast"
"sawk","Sawk","Sawk","Lucha",,"75","125","75","30","75","85","https://images.wikidexcdn.net/mwuploads/wikidex/thumb/3/33/latest/20251020085001/Tipo_normal_LPZA.png/80px-Tipo_normal_LPZA.png","Sawk"
"sawsbuck","Sawsbuck","Sawsbuck","Normal","Planta","80","100","70","60","70","95","https://images.wikidexcdn.net/mwuploads/wikidex/9/9f/latest/20260306180702/Quinta_generaci%C3%B3n.svg","Sawsbuck"
"scatterbug","Scatterbug","Scatterbug","Bicho",,"38","35","40","27","25","35","https://images.wikidexcdn.net/mwuploads/wikidex/9/9e/latest/20260306153505/Sexta_generaci%C3%B3n.svg","Scatterbug"
"sceptile","Sceptile","Sceptile","Planta",,"70","85","65","105","85","120","https://images.wikidexcdn.net/mwuploads/wikidex/thumb/3/33/latest/20251020085001/Tipo_normal_LPZA.png/75px-Tipo_normal_LPZA.png","Sceptile"
"scizor","Scizor","Scizor","Bicho","Acero","70","130","100","55","80","65","https://images.wikidexcdn.net/mwuploads/wikidex/thumb/3/33/latest/20251020085001/Tipo_normal_LPZA.png/75px-Tipo_normal_LPZA.png","Scizor"
"Mega-Scizor","Mega-Scizor","Scizor","Bicho","Acero","70","150","140","65","100","75","https://images.wikidexcdn.net/mwuploads/wikidex/thumb/3/33/latest/20251020085001/Tipo_normal_LPZA.png/75px-Tipo_normal_LPZA.png","Scizor"
"scolipede","Scolipede","Scolipede","Bicho","Veneno","60","100","89","55","69","112","https://images.wikidexcdn.net/mwuploads/wikidex/thumb/3/33/latest/20251020085001/Tipo_normal_LPZA.png/75px-Tipo_normal_LPZA.png","Scolipede"
"scorbunny","Scorbunny","Scorbunny","Fuego",,"50","71","40","40","40","69","https://images.wikidexcdn.net/mwuploads/wikidex/4/4b/latest/20260306153545/Octava_generaci%C3%B3n.svg","Scorbunny"
"scovillain","Scovillain","Scovillain","Planta","Fuego","65","108","65","108","65","75","https://images.wikidexcdn.net/mwuploads/wikidex/thumb/3/33/latest/20251020085001/Tipo_normal_LPZA.png/75px-Tipo_normal_LPZA.png","Scovillain"
"Mega-Scovillain","Mega-Scovillain","Scovillain","Planta","Fuego","65","138","85","138","85","75","https://images.wikidexcdn.net/mwuploads/wikidex/thumb/3/33/latest/20251020085001/Tipo_normal_LPZA.png/75px-Tipo_normal_LPZA.png","Scovillain"
"scrafty","Scrafty","Scrafty","Siniestro","Lucha","65","90","115","45","115","58","https://images.wikidexcdn.net/mwuploads/wikidex/thumb/3/33/latest/20251020085001/Tipo_normal_LPZA.png/75px-Tipo_normal_LPZA.png","Scrafty"
"scraggy","Scraggy","Scraggy","Siniestro","Lucha","50","75","70","35","70","48","https://images.wikidexcdn.net/mwuploads/wikidex/9/9f/latest/20260306180702/Quinta_generaci%C3%B3n.svg","Scraggy"
"scyther","Scyther","Scyther","Bicho","Volador","70","110","80","55","80","105","https://images.wikidexcdn.net/mwuploads/wikidex/thumb/3/33/latest/20251020085001/Tipo_normal_LPZA.png/80px-Tipo_normal_LPZA.png","Scyther"
"seadra","Seadra","Seadra","Agua",,"55","65","95","95","45","85","https://images.wikidexcdn.net/mwuploads/wikidex/3/38/latest/20260306153303/Segunda_generaci%C3%B3n.svg","Seadra"
"seaking","Seaking","Seaking","Agua",,"80","92","65","65","80","68","https://images.wikidexcdn.net/mwuploads/wikidex/thumb/3/33/latest/20251020085001/Tipo_normal_LPZA.png/80px-Tipo_normal_LPZA.png","Seaking"
"sealeo","Sealeo","Sealeo","Hielo","Agua","90","60","70","75","70","45","https://images.wikidexcdn.net/mwuploads/wikidex/thumb/9/97/latest/20251020084923/Tipo_agua_LPZA.png/80px-Tipo_agua_LPZA.png","Sealeo"
"seedot","Seedot","Seedot","Planta",,"40","40","50","30","30","30","https://images.wikidexcdn.net/mwuploads/wikidex/thumb/3/33/latest/20251020085001/Tipo_normal_LPZA.png/80px-Tipo_normal_LPZA.png","Seedot"
"seel","Seel","Seel","Agua",,"65","45","55","45","70","45","https://images.wikidexcdn.net/mwuploads/wikidex/thumb/3/33/latest/20251020085001/Tipo_normal_LPZA.png/80px-Tipo_normal_LPZA.png","Seel"
"seismitoad","Seismitoad","Seismitoad","Agua","Tierra","105","95","75","85","75","74","https://images.wikidexcdn.net/mwuploads/wikidex/thumb/c/cc/latest/20251020084843/Tipo_volador_LPZA.png/80px-Tipo_volador_LPZA.png","Seismitoad"
"sentret","Sentret","Sentret","Normal",,"35","46","34","35","45","20","https://images.wikidexcdn.net/mwuploads/wikidex/thumb/3/33/latest/20251020085001/Tipo_normal_LPZA.png/80px-Tipo_normal_LPZA.png","Sentret"
"serperior","Serperior","Serperior","Planta",,"75","75","95","75","95","113","https://images.wikidexcdn.net/mwuploads/wikidex/thumb/3/33/latest/20251020085001/Tipo_normal_LPZA.png/75px-Tipo_normal_LPZA.png","Serperior"
"servine","Servine","Servine","Planta",,"60","60","75","60","75","83","https://images.wikidexcdn.net/mwuploads/wikidex/thumb/7/7b/latest/20251020084928/Tipo_planta_LPZA.png/80px-Tipo_planta_LPZA.png","Servine"
"seviper","Seviper","Seviper","Veneno",,"73","100","60","100","60","65","https://images.wikidexcdn.net/mwuploads/wikidex/4/4a/latest/20260306153335/Tercera_generaci%C3%B3n.svg","Seviper"
"sewaddle","Sewaddle","Sewaddle","Bicho","Planta","45","53","70","40","60","42","https://images.wikidexcdn.net/mwuploads/wikidex/9/9f/latest/20260306180702/Quinta_generaci%C3%B3n.svg","Sewaddle"
"sharpedo","Sharpedo","Sharpedo","Agua","Siniestro","70","120","40","95","40","95","https://images.wikidexcdn.net/mwuploads/wikidex/thumb/3/33/latest/20251020085001/Tipo_normal_LPZA.png/75px-Tipo_normal_LPZA.png","Sharpedo"
"Mega-Sharpedo","Mega-Sharpedo","Sharpedo","Agua","Siniestro","70","140","70","110","65","105","https://images.wikidexcdn.net/mwuploads/wikidex/thumb/3/33/latest/20251020085001/Tipo_normal_LPZA.png/75px-Tipo_normal_LPZA.png","Sharpedo"
"shedinja","Shedinja","Shedinja","Bicho","Fantasma","1","90","45","30","30","40","https://images.wikidexcdn.net/mwuploads/wikidex/thumb/b/ba/latest/20251020084937/Tipo_ps%C3%ADquico_LPZA.png/80px-Tipo_ps%C3%ADquico_LPZA.png","Shedinja"
"shelgon","Shelgon","Shelgon","Dragón",,"65","95","100","60","50","50","https://images.wikidexcdn.net/mwuploads/wikidex/thumb/4/4c/latest/20251020084900/Tipo_roca_LPZA.png/80px-Tipo_roca_LPZA.png","Shelgon"
"shellder","Shellder","Shellder","Agua",,"30","65","100","45","25","40","https://images.wikidexcdn.net/mwuploads/wikidex/thumb/3/33/latest/20251020085001/Tipo_normal_LPZA.png/80px-Tipo_normal_LPZA.png","Shellder"
"shellos","Shellos","Shellos","Agua",,"76","48","48","57","62","34","https://images.wikidexcdn.net/mwuploads/wikidex/thumb/3/33/latest/20251020085001/Tipo_normal_LPZA.png/80px-Tipo_normal_LPZA.png","Shellos"
"shelmet","Shelmet","Shelmet","Bicho",,"50","40","85","40","65","25","https://images.wikidexcdn.net/mwuploads/wikidex/9/9f/latest/20260306180702/Quinta_generaci%C3%B3n.svg","Shelmet"
"shieldon","Shieldon","Shieldon","Roca","Acero","30","42","118","42","88","30","https://images.wikidexcdn.net/mwuploads/wikidex/thumb/e/e4/latest/20251020084855/Tipo_tierra_LPZA.png/80px-Tipo_tierra_LPZA.png","Shieldon"
"shiftry","Shiftry","Shiftry","Planta","Siniestro","90","100","60","90","60","80","https://images.wikidexcdn.net/mwuploads/wikidex/thumb/3/33/latest/20251020085001/Tipo_normal_LPZA.png/80px-Tipo_normal_LPZA.png","Shiftry"
"shiinotic","Shiinotic","Shiinotic","Planta","Hada","60","45","80","90","100","30","https://images.wikidexcdn.net/mwuploads/wikidex/a/a6/latest/20260306153527/S%C3%A9ptima_generaci%C3%B3n.svg","Shiinotic"
"shinx","Shinx","Shinx","Eléctrico",,"45","65","34","40","34","45","https://images.wikidexcdn.net/mwuploads/wikidex/thumb/c/c6/latest/20251020084932/Tipo_el%C3%A9ctrico_LPZA.png/80px-Tipo_el%C3%A9ctrico_LPZA.png","Shinx"
"shroodle","Shroodle","Shroodle","Veneno","Normal","40","65","35","40","35","75","https://images.wikidexcdn.net/mwuploads/wikidex/8/8c/latest/20260306153605/Novena_generaci%C3%B3n.svg","Shroodle"
"shroomish","Shroomish","Shroomish","Planta",,"60","40","60","40","60","35","https://images.wikidexcdn.net/mwuploads/wikidex/thumb/3/33/latest/20251020085001/Tipo_normal_LPZA.png/80px-Tipo_normal_LPZA.png","Shroomish"
"shuckle","Shuckle","Shuckle","Bicho","Roca","20","10","230","10","230","5","https://images.wikidexcdn.net/mwuploads/wikidex/3/38/latest/20260306153303/Segunda_generaci%C3%B3n.svg","Shuckle"
"shuppet","Shuppet","Shuppet","Fantasma",,"44","75","35","63","33","45","https://images.wikidexcdn.net/mwuploads/wikidex/thumb/3/33/latest/20251020085001/Tipo_normal_LPZA.png/80px-Tipo_normal_LPZA.png","Shuppet"
"sigilyph","Sigilyph","Sigilyph","Psíquico","Volador","72","58","80","103","80","97","https://images.wikidexcdn.net/mwuploads/wikidex/thumb/b/ba/latest/20251020084937/Tipo_ps%C3%ADquico_LPZA.png/80px-Tipo_ps%C3%ADquico_LPZA.png","Sigilyph"
"silcoon","Silcoon","Silcoon","Bicho",,"50","35","55","25","25","15","https://images.wikidexcdn.net/mwuploads/wikidex/thumb/4/46/latest/20251020084914/Tipo_acero_LPZA.png/80px-Tipo_acero_LPZA.png","Silcoon"
"silicobra","Silicobra","Silicobra","Tierra",,"52","57","75","35","50","46","https://images.wikidexcdn.net/mwuploads/wikidex/4/4b/latest/20260306153545/Octava_generaci%C3%B3n.svg","Silicobra"
"silvally","Silvally","Silvally","Normal",,"95","95","95","95","95","95","https://images.wikidexcdn.net/mwuploads/wikidex/a/a6/latest/20260306153527/S%C3%A9ptima_generaci%C3%B3n.svg","Silvally"
"simipour","Simipour","Simipour","Agua",,"75","98","63","98","63","101","https://images.wikidexcdn.net/mwuploads/wikidex/thumb/3/33/latest/20251020085001/Tipo_normal_LPZA.png/75px-Tipo_normal_LPZA.png","Simipour"
"simisage","Simisage","Simisage","Planta",,"75","98","63","98","63","101","https://images.wikidexcdn.net/mwuploads/wikidex/thumb/3/33/latest/20251020085001/Tipo_normal_LPZA.png/75px-Tipo_normal_LPZA.png","Simisage"
"simisear","Simisear","Simisear","Fuego",,"75","98","63","98","63","101","https://images.wikidexcdn.net/mwuploads/wikidex/thumb/3/33/latest/20251020085001/Tipo_normal_LPZA.png/75px-Tipo_normal_LPZA.png","Simisear"
"sinistcha","Sinistcha","Sinistcha","Planta","Fantasma","71","60","106","121","80","70","https://images.wikidexcdn.net/mwuploads/wikidex/thumb/3/33/latest/20251020085001/Tipo_normal_LPZA.png/75px-Tipo_normal_LPZA.png","Sinistcha"
"sinistea","Sinistea","Sinistea","Fantasma",,"40","45","45","74","54","50","https://images.wikidexcdn.net/mwuploads/wikidex/7/70/latest/20260318173154/X4.svg","Sinistea"
"sirfetch-d","Sirfetch’d","Sirfetch’d","Lucha",,"62","135","95","68","82","65","https://images.wikidexcdn.net/mwuploads/wikidex/4/4b/latest/20260306153545/Octava_generaci%C3%B3n.svg","Sirfetch’d"
"sizzlipede","Sizzlipede","Sizzlipede","Fuego","Bicho","50","65","45","50","50","45","https://images.wikidexcdn.net/mwuploads/wikidex/thumb/7/71/latest/20251020124243/Tipo_insecto_LPZA.png/80px-Tipo_insecto_LPZA.png","Sizzlipede"
"skarmory","Skarmory","Skarmory","Acero","Volador","65","80","140","40","70","70","https://images.wikidexcdn.net/mwuploads/wikidex/thumb/3/33/latest/20251020085001/Tipo_normal_LPZA.png/75px-Tipo_normal_LPZA.png","Skarmory"
"skeledirge","Skeledirge","Skeledirge","Fuego","Fantasma","104","75","100","110","75","66","https://images.wikidexcdn.net/mwuploads/wikidex/thumb/3/33/latest/20251020085001/Tipo_normal_LPZA.png/75px-Tipo_normal_LPZA.png","Skeledirge"
"skiddo","Skiddo","Skiddo","Planta",,"66","65","48","62","57","52","https://images.wikidexcdn.net/mwuploads/wikidex/9/9e/latest/20260306153505/Sexta_generaci%C3%B3n.svg","Skiddo"
"skiploom","Skiploom","Skiploom","Planta","Volador","55","45","50","45","65","80","https://images.wikidexcdn.net/mwuploads/wikidex/thumb/3/33/latest/20251020085001/Tipo_normal_LPZA.png/80px-Tipo_normal_LPZA.png","Skiploom"
"skitty","Skitty","Skitty","Normal",,"50","45","45","35","35","50","https://images.wikidexcdn.net/mwuploads/wikidex/thumb/3/33/latest/20251020085001/Tipo_normal_LPZA.png/80px-Tipo_normal_LPZA.png","Skitty"
"skorupi","Skorupi","Skorupi","Veneno","Bicho","40","50","90","30","55","65","https://images.wikidexcdn.net/mwuploads/wikidex/thumb/9/97/latest/20251020084923/Tipo_agua_LPZA.png/80px-Tipo_agua_LPZA.png","Skorupi"
"skrelp","Skrelp","Skrelp","Veneno","Agua","50","60","60","60","60","30","https://images.wikidexcdn.net/mwuploads/wikidex/9/9e/latest/20260306153505/Sexta_generaci%C3%B3n.svg","Skrelp"
"skuntank","Skuntank","Skuntank","Veneno","Siniestro","103","93","67","71","61","84","https://images.wikidexcdn.net/mwuploads/wikidex/thumb/5/5e/latest/20251020084951/Tipo_siniestro_LPZA.png/80px-Tipo_siniestro_LPZA.png","Skuntank"
"skwovet","Skwovet","Skwovet","Normal",,"70","55","55","35","35","25","https://images.wikidexcdn.net/mwuploads/wikidex/4/4b/latest/20260306153545/Octava_generaci%C3%B3n.svg","Skwovet"
"slaking","Slaking","Slaking","Normal",,"150","160","100","95","65","100","https://images.wikidexcdn.net/mwuploads/wikidex/thumb/2/2e/latest/20251020124236/Tipo_pelea_LPZA.png/80px-Tipo_pelea_LPZA.png","Slaking"
"slakoth","Slakoth","Slakoth","Normal",,"60","60","60","35","35","30","https://images.wikidexcdn.net/mwuploads/wikidex/4/4a/latest/20260306153335/Tercera_generaci%C3%B3n.svg","Slakoth"
"sliggoo","Sliggoo","Sliggoo","Dragón",,"68","75","53","83","113","60","https://images.wikidexcdn.net/mwuploads/wikidex/9/9e/latest/20260306153505/Sexta_generaci%C3%B3n.svg","Sliggoo"
"sliggoo-de-hisui","Sliggoo de Hisui","Sliggoo","Acero","Dragón","58","75","83","83","113","40","https://images.wikidexcdn.net/mwuploads/wikidex/thumb/4/4c/latest/20251020084900/Tipo_roca_LPZA.png/80px-Tipo_roca_LPZA.png","Sliggoo_de_Hisui"
"slowbro","Slowbro","Slowbro","Agua","Psíquico","95","75","110","100","80","30","https://images.wikidexcdn.net/mwuploads/wikidex/thumb/3/33/latest/20251020085001/Tipo_normal_LPZA.png/75px-Tipo_normal_LPZA.png","Slowbro"
"Mega Slowbro","Mega Slowbro","Slowbro","Agua","Psíquico","95","75","180","130","80","30","https://images.wikidexcdn.net/mwuploads/wikidex/thumb/3/33/latest/20251020085001/Tipo_normal_LPZA.png/75px-Tipo_normal_LPZA.png","Slowbro"
"slowbro-de-galar","Slowbro de Galar","Slowbro","Veneno","Psíquico","95","100","95","100","70","30","https://images.wikidexcdn.net/mwuploads/wikidex/thumb/3/33/latest/20251020085001/Tipo_normal_LPZA.png/75px-Tipo_normal_LPZA.png","Slowbro_de_Galar"
"slowking","Slowking","Slowking","Agua","Psíquico","95","75","80","100","110","30","https://images.wikidexcdn.net/mwuploads/wikidex/thumb/3/33/latest/20251020085001/Tipo_normal_LPZA.png/75px-Tipo_normal_LPZA.png","Slowking"
"slowking-de-galar","Slowking de Galar","Slowking","Veneno","Psíquico","95","65","80","110","110","30","https://images.wikidexcdn.net/mwuploads/wikidex/thumb/3/33/latest/20251020085001/Tipo_normal_LPZA.png/75px-Tipo_normal_LPZA.png","Slowking_de_Galar"
"slowpoke","Slowpoke","Slowpoke","Agua","Psíquico","90","65","65","40","40","15","https://images.wikidexcdn.net/mwuploads/wikidex/thumb/3/33/latest/20251020085001/Tipo_normal_LPZA.png/80px-Tipo_normal_LPZA.png","Slowpoke"
"slowpoke-de-galar","Slowpoke de Galar","Slowpoke","Psíquico",,"90","65","65","40","40","15","https://images.wikidexcdn.net/mwuploads/wikidex/4/4b/latest/20260306153545/Octava_generaci%C3%B3n.svg","Slowpoke_de_Galar"
"slugma","Slugma","Slugma","Fuego",,"40","40","40","70","40","20","https://images.wikidexcdn.net/mwuploads/wikidex/thumb/9/97/latest/20251020084919/Tipo_fuego_LPZA.png/80px-Tipo_fuego_LPZA.png","Slugma"
"slurpuff","Slurpuff","Slurpuff","Hada",,"82","80","86","85","75","72","https://images.wikidexcdn.net/mwuploads/wikidex/thumb/3/33/latest/20251020085001/Tipo_normal_LPZA.png/75px-Tipo_normal_LPZA.png","Slurpuff"
"smeargle","Smeargle","Smeargle","Normal",,"55","20","35","20","45","75","https://images.wikidexcdn.net/mwuploads/wikidex/thumb/3/33/latest/20251020085001/Tipo_normal_LPZA.png/80px-Tipo_normal_LPZA.png","Smeargle"
"smoliv","Smoliv","Smoliv","Planta","Normal","41","35","45","58","51","30","https://images.wikidexcdn.net/mwuploads/wikidex/8/8c/latest/20260306153605/Novena_generaci%C3%B3n.svg","Smoliv"
"smoochum","Smoochum","Smoochum","Hielo","Psíquico","45","30","15","85","65","65","https://images.wikidexcdn.net/mwuploads/wikidex/thumb/3/33/latest/20251020085001/Tipo_normal_LPZA.png/80px-Tipo_normal_LPZA.png","Smoochum"
"sneasel","Sneasel","Sneasel","Siniestro","Hielo","55","95","55","35","75","115","https://images.wikidexcdn.net/mwuploads/wikidex/3/38/latest/20260306153303/Segunda_generaci%C3%B3n.svg","Sneasel"
"sneasel-de-hisui","Sneasel de Hisui","Sneasel","Lucha","Veneno","55","95","55","35","75","115","https://images.wikidexcdn.net/mwuploads/wikidex/8/8c/latest/20260306153605/Novena_generaci%C3%B3n.svg","Sneasel_de_Hisui"
"sneasler","Sneasler","Sneasler","Lucha","Veneno","80","130","60","40","80","120","https://images.wikidexcdn.net/mwuploads/wikidex/thumb/3/33/latest/20251020085001/Tipo_normal_LPZA.png/75px-Tipo_normal_LPZA.png","Sneasler"
"snivy","Snivy","Snivy","Planta",,"45","45","55","45","55","63","https://images.wikidexcdn.net/mwuploads/wikidex/9/9f/latest/20260306180702/Quinta_generaci%C3%B3n.svg","Snivy"
"snom","Snom","Snom","Hielo","Bicho","30","25","35","45","30","20","https://images.wikidexcdn.net/mwuploads/wikidex/4/4b/latest/20260306153545/Octava_generaci%C3%B3n.svg","Snom"
"snorlax","Snorlax","Snorlax","Normal",,"160","110","65","65","110","30","https://images.wikidexcdn.net/mwuploads/wikidex/thumb/3/33/latest/20251020085001/Tipo_normal_LPZA.png/75px-Tipo_normal_LPZA.png","Snorlax"
"snorunt","Snorunt","Snorunt","Hielo",,"50","50","50","50","50","50","https://images.wikidexcdn.net/mwuploads/wikidex/thumb/3/33/latest/20251020085001/Tipo_normal_LPZA.png/80px-Tipo_normal_LPZA.png","Snorunt"
"snover","Snover","Snover","Planta","Hielo","60","62","50","62","60","40","https://images.wikidexcdn.net/mwuploads/wikidex/5/5a/latest/20260306180611/Cuarta_generaci%C3%B3n.svg","Snover"
"snubbull","Snubbull","Snubbull","Hada",,"60","80","50","40","40","30","https://images.wikidexcdn.net/mwuploads/wikidex/thumb/3/33/latest/20251020085001/Tipo_normal_LPZA.png/80px-Tipo_normal_LPZA.png","Snubbull"
"sobble","Sobble","Sobble","Agua",,"50","40","40","70","40","70","https://images.wikidexcdn.net/mwuploads/wikidex/4/4b/latest/20260306153545/Octava_generaci%C3%B3n.svg","Sobble"
"solgaleo","Solgaleo","Solgaleo","Psíquico","Acero","137","137","107","113","89","97","https://images.wikidexcdn.net/mwuploads/wikidex/thumb/3/3b/latest/20171124234538/Solgaleostal_Z_%28Dream_World%29.png/32px-Solgaleostal_Z_%28Dream_World%29.png","Solgaleo"
"solosis","Solosis","Solosis","Psíquico",,"45","30","40","105","50","20","https://images.wikidexcdn.net/mwuploads/wikidex/9/9f/latest/20260306180702/Quinta_generaci%C3%B3n.svg","Solosis"
"solrock","Solrock","Solrock","Roca","Psíquico","90","95","85","55","65","70","https://images.wikidexcdn.net/mwuploads/wikidex/thumb/3/33/latest/20251020085001/Tipo_normal_LPZA.png/80px-Tipo_normal_LPZA.png","Solrock"
"spearow","Spearow","Spearow","Normal","Volador","40","60","30","31","31","70","https://images.wikidexcdn.net/mwuploads/wikidex/thumb/3/33/latest/20251020085001/Tipo_normal_LPZA.png/80px-Tipo_normal_LPZA.png","Spearow"
"spectrier","Spectrier","Spectrier","Fantasma",,"100","65","60","145","80","130","https://images.wikidexcdn.net/mwuploads/wikidex/4/4b/latest/20260306153545/Octava_generaci%C3%B3n.svg","Spectrier"
"spewpa","Spewpa","Spewpa","Bicho",,"45","22","60","27","30","29","https://images.wikidexcdn.net/mwuploads/wikidex/9/9e/latest/20260306153505/Sexta_generaci%C3%B3n.svg","Spewpa"
"spheal","Spheal","Spheal","Hielo","Agua","70","40","50","55","50","25","https://images.wikidexcdn.net/mwuploads/wikidex/thumb/e/e4/latest/20251020084855/Tipo_tierra_LPZA.png/80px-Tipo_tierra_LPZA.png","Spheal"
"spidops","Spidops","Spidops","Bicho",,"60","79","92","52","86","35","https://images.wikidexcdn.net/mwuploads/wikidex/thumb/9/99/latest/20221208180705/Tipo_normal_EP.png/90px-Tipo_normal_EP.png","Spidops"
"spinarak","Spinarak","Spinarak","Bicho","Veneno","40","60","40","40","40","30","https://images.wikidexcdn.net/mwuploads/wikidex/thumb/3/33/latest/20251020085001/Tipo_normal_LPZA.png/80px-Tipo_normal_LPZA.png","Spinarak"
"spinda","Spinda","Spinda","Normal",,"60","60","60","60","60","60","https://images.wikidexcdn.net/mwuploads/wikidex/thumb/3/33/latest/20251020085001/Tipo_normal_LPZA.png/80px-Tipo_normal_LPZA.png","Spinda"
"spiritomb","Spiritomb","Spiritomb","Fantasma","Siniestro","50","92","108","92","108","35","https://images.wikidexcdn.net/mwuploads/wikidex/thumb/3/33/latest/20251020085001/Tipo_normal_LPZA.png/75px-Tipo_normal_LPZA.png","Spiritomb"
"spoink","Spoink","Spoink","Psíquico",,"60","25","35","70","80","60","https://images.wikidexcdn.net/mwuploads/wikidex/thumb/3/33/latest/20251020085001/Tipo_normal_LPZA.png/80px-Tipo_normal_LPZA.png","Spoink"
"sprigatito","Sprigatito","Sprigatito","Planta",,"40","61","54","45","45","65","https://images.wikidexcdn.net/mwuploads/wikidex/8/8c/latest/20260306153605/Novena_generaci%C3%B3n.svg","Sprigatito"
"spritzee","Spritzee","Spritzee","Hada",,"78","52","60","63","65","23","https://images.wikidexcdn.net/mwuploads/wikidex/9/9e/latest/20260306153505/Sexta_generaci%C3%B3n.svg","Spritzee"
"squawkabilly","Squawkabilly","Squawkabilly","Normal","Volador","82","96","51","45","51","92","https://images.wikidexcdn.net/mwuploads/wikidex/8/8c/latest/20260306153605/Novena_generaci%C3%B3n.svg","Squawkabilly"
"squirtle","Squirtle","Squirtle","Agua",,"44","48","65","50","64","43","https://images.wikidexcdn.net/mwuploads/wikidex/thumb/0/06/latest/20200214185855/Squirtle_HOME.png/100px-Squirtle_HOME.png","Squirtle"
"stakataka","Stakataka","Stakataka","Roca","Acero","61","131","211","53","101","13","https://images.wikidexcdn.net/mwuploads/wikidex/a/a6/latest/20260306153527/S%C3%A9ptima_generaci%C3%B3n.svg","Stakataka"
"stantler","Stantler","Stantler","Normal",,"73","95","62","85","65","85","https://images.wikidexcdn.net/mwuploads/wikidex/thumb/b/ba/latest/20251020084937/Tipo_ps%C3%ADquico_LPZA.png/80px-Tipo_ps%C3%ADquico_LPZA.png","Stantler"
"staraptor","Staraptor","Staraptor","Normal","Volador","85","120","70","50","60","100","https://images.wikidexcdn.net/mwuploads/wikidex/thumb/3/33/latest/20251020085001/Tipo_normal_LPZA.png/75px-Tipo_normal_LPZA.png","Staraptor"
"staravia","Staravia","Staravia","Normal","Volador","55","75","50","40","40","80","https://images.wikidexcdn.net/mwuploads/wikidex/thumb/c/cc/latest/20251020084843/Tipo_volador_LPZA.png/80px-Tipo_volador_LPZA.png","Staravia"
"starly","Starly","Starly","Normal","Volador","40","55","30","30","30","60","https://images.wikidexcdn.net/mwuploads/wikidex/5/5a/latest/20260306180611/Cuarta_generaci%C3%B3n.svg","Starly"
"starmie","Starmie","Starmie","Agua","Psíquico","60","75","85","100","85","115","https://images.wikidexcdn.net/mwuploads/wikidex/thumb/3/33/latest/20251020085001/Tipo_normal_LPZA.png/75px-Tipo_normal_LPZA.png","Starmie"
"staryu","Staryu","Staryu","Agua",,"30","45","55","70","55","85","https://images.wikidexcdn.net/mwuploads/wikidex/thumb/3/32/latest/20251020084942/Tipo_hielo_LPZA.png/80px-Tipo_hielo_LPZA.png","Staryu"
"steelix","Steelix","Steelix","Acero","Tierra","75","85","200","55","65","30","https://images.wikidexcdn.net/mwuploads/wikidex/thumb/3/33/latest/20251020085001/Tipo_normal_LPZA.png/75px-Tipo_normal_LPZA.png","Steelix"
"Mega-Steelix","Mega-Steelix","Steelix","Acero","Tierra","75","125","230","55","95","30","https://images.wikidexcdn.net/mwuploads/wikidex/thumb/3/33/latest/20251020085001/Tipo_normal_LPZA.png/75px-Tipo_normal_LPZA.png","Steelix"
"steenee","Steenee","Steenee","Planta",,"52","40","48","40","48","62","https://images.wikidexcdn.net/mwuploads/wikidex/thumb/3/33/latest/20251020085001/Tipo_normal_LPZA.png/80px-Tipo_normal_LPZA.png","Steenee"
"stonjourner","Stonjourner","Stonjourner","Roca",,"100","125","135","20","20","70","https://images.wikidexcdn.net/mwuploads/wikidex/4/4b/latest/20260306153545/Octava_generaci%C3%B3n.svg","Stonjourner"
"stoutland","Stoutland","Stoutland","Normal",,"85","110","90","45","90","80","https://images.wikidexcdn.net/mwuploads/wikidex/thumb/3/33/latest/20251020085001/Tipo_normal_LPZA.png/80px-Tipo_normal_LPZA.png","Stoutland"
"stufful","Stufful","Stufful","Normal","Lucha","70","75","50","45","50","50","https://images.wikidexcdn.net/mwuploads/wikidex/a/a6/latest/20260306153527/S%C3%A9ptima_generaci%C3%B3n.svg","Stufful"
"stunfisk","Stunfisk","Stunfisk","Tierra","Eléctrico","109","66","84","81","99","32","https://images.wikidexcdn.net/mwuploads/wikidex/thumb/3/33/latest/20251020085001/Tipo_normal_LPZA.png/75px-Tipo_normal_LPZA.png","Stunfisk"
"stunfisk-de-galar","Stunfisk de Galar","Stunfisk","Tierra","Acero","109","81","99","66","84","32","https://images.wikidexcdn.net/mwuploads/wikidex/thumb/3/33/latest/20251020085001/Tipo_normal_LPZA.png/75px-Tipo_normal_LPZA.png","Stunfisk_de_Galar"
"stunky","Stunky","Stunky","Veneno","Siniestro","63","63","47","41","41","74","https://images.wikidexcdn.net/mwuploads/wikidex/thumb/5/5e/latest/20251020084951/Tipo_siniestro_LPZA.png/80px-Tipo_siniestro_LPZA.png","Stunky"
"sudowoodo","Sudowoodo","Sudowoodo","Roca",,"70","100","115","30","65","30","https://images.wikidexcdn.net/mwuploads/wikidex/thumb/3/33/latest/20251020085001/Tipo_normal_LPZA.png/80px-Tipo_normal_LPZA.png","Sudowoodo"
"suicune","Suicune","Suicune","Agua",,"100","75","115","90","115","85","https://images.wikidexcdn.net/mwuploads/wikidex/thumb/3/32/latest/20251020084942/Tipo_hielo_LPZA.png/80px-Tipo_hielo_LPZA.png","Suicune"
"sunflora","Sunflora","Sunflora","Planta",,"75","75","55","105","85","30","https://images.wikidexcdn.net/mwuploads/wikidex/thumb/3/33/latest/20251020085001/Tipo_normal_LPZA.png/80px-Tipo_normal_LPZA.png","Sunflora"
"sunkern","Sunkern","Sunkern","Planta",,"30","30","30","30","30","30","https://images.wikidexcdn.net/mwuploads/wikidex/thumb/e/e4/latest/20251020084855/Tipo_tierra_LPZA.png/80px-Tipo_tierra_LPZA.png","Sunkern"
"surskit","Surskit","Surskit","Bicho","Agua","40","30","32","50","52","65","https://images.wikidexcdn.net/mwuploads/wikidex/thumb/e/e4/latest/20251020084855/Tipo_tierra_LPZA.png/80px-Tipo_tierra_LPZA.png","Surskit"
"swablu","Swablu","Swablu","Normal","Volador","45","40","60","40","75","50","https://images.wikidexcdn.net/mwuploads/wikidex/4/4a/latest/20260306153335/Tercera_generaci%C3%B3n.svg","Swablu"
"swadloon","Swadloon","Swadloon","Bicho","Planta","55","63","90","50","80","42","https://images.wikidexcdn.net/mwuploads/wikidex/thumb/7/71/latest/20251020124243/Tipo_insecto_LPZA.png/80px-Tipo_insecto_LPZA.png","Swadloon"
"swalot","Swalot","Swalot","Veneno",,"100","73","83","73","83","55","https://images.wikidexcdn.net/mwuploads/wikidex/thumb/b/ba/latest/20251020084937/Tipo_ps%C3%ADquico_LPZA.png/80px-Tipo_ps%C3%ADquico_LPZA.png","Swalot"
"swampert","Swampert","Swampert","Agua","Tierra","100","110","90","85","90","60","https://images.wikidexcdn.net/mwuploads/wikidex/thumb/3/33/latest/20251020085001/Tipo_normal_LPZA.png/75px-Tipo_normal_LPZA.png","Swampert"
"swanna","Swanna","Swanna","Agua","Volador","75","87","63","87","63","98","https://images.wikidexcdn.net/mwuploads/wikidex/9/9f/latest/20260306180702/Quinta_generaci%C3%B3n.svg","Swanna"
"swellow","Swellow","Swellow","Normal","Volador","60","85","60","75","50","125","https://images.wikidexcdn.net/mwuploads/wikidex/thumb/c/cc/latest/20251020084843/Tipo_volador_LPZA.png/80px-Tipo_volador_LPZA.png","Swellow"
"swinub","Swinub","Swinub","Hielo","Tierra","50","50","40","30","30","50","https://images.wikidexcdn.net/mwuploads/wikidex/thumb/d/df/latest/20251020084956/Tipo_hada_LPZA.png/80px-Tipo_hada_LPZA.png","Swinub"
"swirlix","Swirlix","Swirlix","Hada",,"62","48","66","59","57","49","https://images.wikidexcdn.net/mwuploads/wikidex/9/9e/latest/20260306153505/Sexta_generaci%C3%B3n.svg","Swirlix"
"swoobat","Swoobat","Swoobat","Psíquico","Volador","67","57","55","77","55","114","https://images.wikidexcdn.net/mwuploads/wikidex/thumb/3/33/latest/20251020085001/Tipo_normal_LPZA.png/80px-Tipo_normal_LPZA.png","Swoobat"
"sylveon","Sylveon","Sylveon","Hada",,"95","65","65","110","130","60","https://images.wikidexcdn.net/mwuploads/wikidex/thumb/3/33/latest/20251020085001/Tipo_normal_LPZA.png/75px-Tipo_normal_LPZA.png","Sylveon"
"tadbulb","Tadbulb","Tadbulb","Eléctrico",,"61","31","41","59","35","45","https://images.wikidexcdn.net/mwuploads/wikidex/8/8c/latest/20260306153605/Novena_generaci%C3%B3n.svg","Tadbulb"
"taillow","Taillow","Taillow","Normal","Volador","40","55","30","30","30","85","https://images.wikidexcdn.net/mwuploads/wikidex/thumb/c/cc/latest/20251020084843/Tipo_volador_LPZA.png/80px-Tipo_volador_LPZA.png","Taillow"
"talonflame","Talonflame","Talonflame","Fuego","Volador","78","81","71","74","69","126","https://images.wikidexcdn.net/mwuploads/wikidex/thumb/3/33/latest/20251020085001/Tipo_normal_LPZA.png/75px-Tipo_normal_LPZA.png","Talonflame"
"tandemaus","Tandemaus","Tandemaus","Normal",,"50","50","45","40","45","75","https://images.wikidexcdn.net/mwuploads/wikidex/8/8c/latest/20260306153605/Novena_generaci%C3%B3n.svg","Tandemaus"
"tangela","Tangela","Tangela","Planta",,"65","55","115","100","40","60","https://images.wikidexcdn.net/mwuploads/wikidex/thumb/3/33/latest/20251020085001/Tipo_normal_LPZA.png/80px-Tipo_normal_LPZA.png","Tangela"
"tangrowth","Tangrowth","Tangrowth","Planta",,"100","100","125","110","50","50","https://images.wikidexcdn.net/mwuploads/wikidex/thumb/7/7b/latest/20251020084928/Tipo_planta_LPZA.png/80px-Tipo_planta_LPZA.png","Tangrowth"
"tapu-bulu","Tapu Bulu","Tapu Bulu","Planta","Hada","70","130","115","85","95","75","https://images.wikidexcdn.net/mwuploads/wikidex/thumb/6/6c/latest/20161118043003/Tapistal_Z_%28Dream_World%29.png/32px-Tapistal_Z_%28Dream_World%29.png","Tapu_Bulu"
"tapu-fini","Tapu Fini","Tapu Fini","Agua","Hada","70","75","115","95","130","85","https://images.wikidexcdn.net/mwuploads/wikidex/thumb/6/6c/latest/20161118043003/Tapistal_Z_%28Dream_World%29.png/32px-Tapistal_Z_%28Dream_World%29.png","Tapu_Fini"
"tapu-koko","Tapu Koko","Tapu Koko","Eléctrico","Hada","70","115","85","95","75","130","https://images.wikidexcdn.net/mwuploads/wikidex/thumb/6/6c/latest/20161118043003/Tapistal_Z_%28Dream_World%29.png/32px-Tapistal_Z_%28Dream_World%29.png","Tapu_Koko"
"tapu-lele","Tapu Lele","Tapu Lele","Psíquico","Hada","70","85","75","130","115","95","https://images.wikidexcdn.net/mwuploads/wikidex/thumb/6/6c/latest/20161118043003/Tapistal_Z_%28Dream_World%29.png/32px-Tapistal_Z_%28Dream_World%29.png","Tapu_Lele"
"tarountula","Tarountula","Tarountula","Bicho",,"35","41","45","29","40","20","https://images.wikidexcdn.net/mwuploads/wikidex/8/8c/latest/20260306153605/Novena_generaci%C3%B3n.svg","Tarountula"
"tatsugiri","Tatsugiri","Tatsugiri","Dragón","Agua","68","50","60","120","95","82","https://images.wikidexcdn.net/mwuploads/wikidex/thumb/3/33/latest/20251020085001/Tipo_normal_LPZA.png/80px-Tipo_normal_LPZA.png","Tatsugiri"
"Mega-Tatsugiri","Mega-Tatsugiri","Tatsugiri","Dragón","Agua","68","65","90","135","125","92","https://images.wikidexcdn.net/mwuploads/wikidex/thumb/3/33/latest/20251020085001/Tipo_normal_LPZA.png/80px-Tipo_normal_LPZA.png","Tatsugiri"
"tauros","Tauros","Tauros","Normal",,"75","100","95","40","70","110","https://images.wikidexcdn.net/mwuploads/wikidex/thumb/3/33/latest/20251020085001/Tipo_normal_LPZA.png/75px-Tipo_normal_LPZA.png","Tauros"
"tauros-de-paldea","Tauros de Paldea","Tauros","Lucha",,"75","110","105","30","70","100","https://images.wikidexcdn.net/mwuploads/wikidex/8/8c/latest/20260306153605/Novena_generaci%C3%B3n.svg","Tauros_de_Paldea"
"teddiursa","Teddiursa","Teddiursa","Normal",,"60","80","50","50","50","40","https://images.wikidexcdn.net/mwuploads/wikidex/thumb/3/33/latest/20251020085001/Tipo_normal_LPZA.png/80px-Tipo_normal_LPZA.png","Teddiursa"
"tentacool","Tentacool","Tentacool","Agua","Veneno","40","40","35","50","100","70","https://images.wikidexcdn.net/mwuploads/wikidex/thumb/3/33/latest/20251020085001/Tipo_normal_LPZA.png/80px-Tipo_normal_LPZA.png","Tentacool"
"tentacruel","Tentacruel","Tentacruel","Agua","Veneno","80","70","65","80","120","100","https://images.wikidexcdn.net/mwuploads/wikidex/thumb/3/33/latest/20251020085001/Tipo_normal_LPZA.png/80px-Tipo_normal_LPZA.png","Tentacruel"
"tepig","Tepig","Tepig","Fuego",,"65","63","45","45","45","45","https://images.wikidexcdn.net/mwuploads/wikidex/9/9f/latest/20260306180702/Quinta_generaci%C3%B3n.svg","Tepig"
"terapagos-forma-astral","Terapagos forma astral","Terapagos","Normal",,"160","105","110","130","110","85","https://images.wikidexcdn.net/mwuploads/wikidex/thumb/5/57/latest/20230417175840/Terapagos_normal.png/200px-Terapagos_normal.png","Terapagos"
"terapagos-forma-normal","Terapagos forma normal","Terapagos","Normal",,"90","65","85","65","85","60","https://images.wikidexcdn.net/mwuploads/wikidex/thumb/9/99/latest/20221208180705/Tipo_normal_EP.png/90px-Tipo_normal_EP.png","Terapagos"
"terapagos-forma-teracristal","Terapagos forma Teracristal","Terapagos","Normal",,"95","95","110","105","110","85","https://images.wikidexcdn.net/mwuploads/wikidex/thumb/5/57/latest/20230417175840/Terapagos_normal.png/200px-Terapagos_normal.png","Terapagos"
"terrakion","Terrakion","Terrakion","Roca","Lucha","91","129","90","72","90","108","https://images.wikidexcdn.net/mwuploads/wikidex/9/9f/latest/20260306180702/Quinta_generaci%C3%B3n.svg","Terrakion"
"thievul","Thievul","Thievul","Siniestro",,"70","58","58","87","92","90","https://images.wikidexcdn.net/mwuploads/wikidex/4/4b/latest/20260306153545/Octava_generaci%C3%B3n.svg","Thievul"
"throh","Throh","Throh","Lucha",,"120","100","85","30","85","45","https://images.wikidexcdn.net/mwuploads/wikidex/thumb/3/33/latest/20251020085001/Tipo_normal_LPZA.png/80px-Tipo_normal_LPZA.png","Throh"
"thwackey","Thwackey","Thwackey","Planta",,"70","85","70","55","60","80","https://images.wikidexcdn.net/mwuploads/wikidex/4/4b/latest/20260306153545/Octava_generaci%C3%B3n.svg","Thwackey"
"timburr","Timburr","Timburr","Lucha",,"75","80","55","25","35","35","https://images.wikidexcdn.net/mwuploads/wikidex/9/9f/latest/20260306180702/Quinta_generaci%C3%B3n.svg","Timburr"
"ting-lu","Ting-Lu","Ting-Lu","Siniestro","Tierra","155","110","125","55","80","45","https://images.wikidexcdn.net/mwuploads/wikidex/thumb/9/99/latest/20221208180705/Tipo_normal_EP.png/90px-Tipo_normal_EP.png","Ting-Lu"
"tinkatink","Tinkatink","Tinkatink","Hada","Acero","50","45","45","35","64","58","https://images.wikidexcdn.net/mwuploads/wikidex/8/8c/latest/20260306153605/Novena_generaci%C3%B3n.svg","Tinkatink"
"tinkaton","Tinkaton","Tinkaton","Hada","Acero","85","75","77","70","105","94","https://images.wikidexcdn.net/mwuploads/wikidex/thumb/3/33/latest/20251020085001/Tipo_normal_LPZA.png/75px-Tipo_normal_LPZA.png","Tinkaton"
"tinkatuff","Tinkatuff","Tinkatuff","Hada","Acero","65","55","55","45","82","78","https://images.wikidexcdn.net/mwuploads/wikidex/thumb/2/2e/latest/20251020124236/Tipo_pelea_LPZA.png/75px-Tipo_pelea_LPZA.png","Tinkatuff"
"tirtouga","Tirtouga","Tirtouga","Agua","Roca","54","78","103","53","45","22","https://images.wikidexcdn.net/mwuploads/wikidex/9/9f/latest/20260306180702/Quinta_generaci%C3%B3n.svg","Tirtouga"
"toedscool","Toedscool","Toedscool","Tierra","Planta","40","40","35","50","100","70","https://images.wikidexcdn.net/mwuploads/wikidex/8/8c/latest/20260306153605/Novena_generaci%C3%B3n.svg","Toedscool"
"toedscruel","Toedscruel","Toedscruel","Tierra","Planta","80","70","65","80","120","100","https://images.wikidexcdn.net/mwuploads/wikidex/thumb/c/c9/latest/20221208180742/Tipo_tierra_EP.png/90px-Tipo_tierra_EP.png","Toedscruel"
"togedemaru","Togedemaru","Togedemaru","Eléctrico","Acero","65","98","63","40","73","96","https://images.wikidexcdn.net/mwuploads/wikidex/a/a6/latest/20260306153527/S%C3%A9ptima_generaci%C3%B3n.svg","Togedemaru"
"togekiss","Togekiss","Togekiss","Hada","Volador","85","50","95","120","115","80","https://images.wikidexcdn.net/mwuploads/wikidex/thumb/3/33/latest/20251020085001/Tipo_normal_LPZA.png/80px-Tipo_normal_LPZA.png","Togekiss"
"togepi","Togepi","Togepi","Hada",,"35","20","65","40","65","20","https://images.wikidexcdn.net/mwuploads/wikidex/thumb/3/33/latest/20251020085001/Tipo_normal_LPZA.png/80px-Tipo_normal_LPZA.png","Togepi"
"togetic","Togetic","Togetic","Hada","Volador","55","40","85","80","105","40","https://images.wikidexcdn.net/mwuploads/wikidex/thumb/3/33/latest/20251020085001/Tipo_normal_LPZA.png/80px-Tipo_normal_LPZA.png","Togetic"
"torchic","Torchic","Torchic","Fuego",,"45","60","40","70","50","45","https://images.wikidexcdn.net/mwuploads/wikidex/4/4a/latest/20260306153335/Tercera_generaci%C3%B3n.svg","Torchic"
"torkoal","Torkoal","Torkoal","Fuego",,"70","85","140","85","70","20","https://images.wikidexcdn.net/mwuploads/wikidex/thumb/3/33/latest/20251020085001/Tipo_normal_LPZA.png/75px-Tipo_normal_LPZA.png","Torkoal"
"torracat","Torracat","Torracat","Fuego",,"65","85","50","80","50","90","https://images.wikidexcdn.net/mwuploads/wikidex/a/a6/latest/20260306153527/S%C3%A9ptima_generaci%C3%B3n.svg","Torracat"
"torterra","Torterra","Torterra","Planta","Tierra","95","109","105","75","85","56","https://images.wikidexcdn.net/mwuploads/wikidex/thumb/3/33/latest/20251020085001/Tipo_normal_LPZA.png/75px-Tipo_normal_LPZA.png","Torterra"
"totodile","Totodile","Totodile","Agua",,"50","65","64","44","48","43","https://images.wikidexcdn.net/mwuploads/wikidex/3/38/latest/20260306153303/Segunda_generaci%C3%B3n.svg","Totodile"
"toucannon","Toucannon","Toucannon","Normal","Volador","80","120","75","75","75","60","https://images.wikidexcdn.net/mwuploads/wikidex/thumb/3/33/latest/20251020085001/Tipo_normal_LPZA.png/75px-Tipo_normal_LPZA.png","Toucannon"
"toxapex","Toxapex","Toxapex","Veneno","Agua","50","63","152","53","142","35","https://images.wikidexcdn.net/mwuploads/wikidex/thumb/3/33/latest/20251020085001/Tipo_normal_LPZA.png/75px-Tipo_normal_LPZA.png","Toxapex"
"toxel","Toxel","Toxel","Eléctrico","Veneno","40","38","35","54","35","40","https://images.wikidexcdn.net/mwuploads/wikidex/4/4b/latest/20260306153545/Octava_generaci%C3%B3n.svg","Toxel"
"toxicroak","Toxicroak","Toxicroak","Veneno","Lucha","83","106","65","86","65","85","https://images.wikidexcdn.net/mwuploads/wikidex/thumb/3/33/latest/20251020085001/Tipo_normal_LPZA.png/75px-Tipo_normal_LPZA.png","Toxicroak"
"toxtricity","Toxtricity","Toxtricity","Eléctrico","Veneno","75","98","70","114","70","75","https://images.wikidexcdn.net/mwuploads/wikidex/4/4b/latest/20260306153545/Octava_generaci%C3%B3n.svg","Toxtricity"
"tranquill","Tranquill","Tranquill","Normal","Volador","62","77","62","50","42","65","https://images.wikidexcdn.net/mwuploads/wikidex/thumb/9/97/latest/20251020084919/Tipo_fuego_LPZA.png/80px-Tipo_fuego_LPZA.png","Tranquill"
"trapinch","Trapinch","Trapinch","Tierra",,"45","100","45","45","45","10","https://images.wikidexcdn.net/mwuploads/wikidex/thumb/7/71/latest/20251020124243/Tipo_insecto_LPZA.png/80px-Tipo_insecto_LPZA.png","Trapinch"
"treecko","Treecko","Treecko","Planta",,"40","45","35","65","55","70","https://images.wikidexcdn.net/mwuploads/wikidex/4/4a/latest/20260306153335/Tercera_generaci%C3%B3n.svg","Treecko"
"trevenant","Trevenant","Trevenant","Fantasma","Planta","85","110","76","65","82","56","https://images.wikidexcdn.net/mwuploads/wikidex/thumb/3/33/latest/20251020085001/Tipo_normal_LPZA.png/75px-Tipo_normal_LPZA.png","Trevenant"
"tronco-arena","Tronco arena","Wormadam","Bicho","Tierra","60","79","105","59","85","36","https://images.wikidexcdn.net/mwuploads/wikidex/thumb/7/7b/latest/20230318122811/Wormadam_planta_icono_G6.png/22px-Wormadam_planta_icono_G6.png","Wormadam"
"tronco-basura","Tronco basura","Wormadam","Bicho","Acero","60","69","95","69","95","36","https://images.wikidexcdn.net/mwuploads/wikidex/thumb/4/4b/latest/20260518213440/Wormadam.png/200px-Wormadam.png","Wormadam"
"tronco-planta","Tronco planta","Wormadam","Bicho","Planta","60","59","85","79","105","36","https://images.wikidexcdn.net/mwuploads/wikidex/thumb/7/7b/latest/20230318122811/Wormadam_planta_icono_G6.png/22px-Wormadam_planta_icono_G6.png","Wormadam"
"tropius","Tropius","Tropius","Planta","Volador","99","68","83","72","87","51","https://images.wikidexcdn.net/mwuploads/wikidex/thumb/7/7b/latest/20251020084928/Tipo_planta_LPZA.png/80px-Tipo_planta_LPZA.png","Tropius"
"trubbish","Trubbish","Trubbish","Veneno",,"50","50","62","40","62","65","https://images.wikidexcdn.net/mwuploads/wikidex/9/9f/latest/20260306180702/Quinta_generaci%C3%B3n.svg","Trubbish"
"trumbeak","Trumbeak","Trumbeak","Normal","Volador","55","85","50","40","50","75","https://images.wikidexcdn.net/mwuploads/wikidex/a/a6/latest/20260306153527/S%C3%A9ptima_generaci%C3%B3n.svg","Trumbeak"
"tsareena","Tsareena","Tsareena","Planta",,"72","120","98","50","98","72","https://images.wikidexcdn.net/mwuploads/wikidex/thumb/3/33/latest/20251020085001/Tipo_normal_LPZA.png/75px-Tipo_normal_LPZA.png","Tsareena"
"turtonator","Turtonator","Turtonator","Fuego","Dragón","60","78","135","91","85","36","https://images.wikidexcdn.net/mwuploads/wikidex/a/a6/latest/20260306153527/S%C3%A9ptima_generaci%C3%B3n.svg","Turtonator"
"turtwig","Turtwig","Turtwig","Planta",,"55","68","64","45","55","31","https://images.wikidexcdn.net/mwuploads/wikidex/5/5a/latest/20260306180611/Cuarta_generaci%C3%B3n.svg","Turtwig"
"tympole","Tympole","Tympole","Agua",,"50","50","40","50","40","64","https://images.wikidexcdn.net/mwuploads/wikidex/9/9f/latest/20260306180702/Quinta_generaci%C3%B3n.svg","Tympole"
"tynamo","Tynamo","Tynamo","Eléctrico",,"35","55","40","45","40","60","https://images.wikidexcdn.net/mwuploads/wikidex/9/9f/latest/20260306180702/Quinta_generaci%C3%B3n.svg","Tynamo"
"typhlosion","Typhlosion","Typhlosion","Fuego",,"78","84","78","109","85","100","https://images.wikidexcdn.net/mwuploads/wikidex/thumb/3/33/latest/20251020085001/Tipo_normal_LPZA.png/75px-Tipo_normal_LPZA.png","Typhlosion"
"typhlosion-de-hisui","Typhlosion de Hisui","Typhlosion","Fuego","Fantasma","73","84","78","119","85","95","https://images.wikidexcdn.net/mwuploads/wikidex/thumb/3/33/latest/20251020085001/Tipo_normal_LPZA.png/75px-Tipo_normal_LPZA.png","Typhlosion_de_Hisui"
"tyranitar","Tyranitar","Tyranitar","Roca","Siniestro","100","134","110","95","100","61","https://images.wikidexcdn.net/mwuploads/wikidex/thumb/3/33/latest/20251020085001/Tipo_normal_LPZA.png/75px-Tipo_normal_LPZA.png","Tyranitar"
"tyrantrum","Tyrantrum","Tyrantrum","Roca","Dragón","82","121","119","69","59","71","https://images.wikidexcdn.net/mwuploads/wikidex/thumb/3/33/latest/20251020085001/Tipo_normal_LPZA.png/75px-Tipo_normal_LPZA.png","Tyrantrum"
"tyrogue","Tyrogue","Tyrogue","Lucha",,"35","35","35","35","35","35","https://images.wikidexcdn.net/mwuploads/wikidex/thumb/3/33/latest/20251020085001/Tipo_normal_LPZA.png/80px-Tipo_normal_LPZA.png","Tyrogue"
"tyrunt","Tyrunt","Tyrunt","Roca","Dragón","58","89","77","45","45","48","https://images.wikidexcdn.net/mwuploads/wikidex/9/9e/latest/20260306153505/Sexta_generaci%C3%B3n.svg","Tyrunt"
"ultra-necrozma","Ultra-Necrozma","Necrozma","Psíquico",,"97","167","97","167","97","129","https://images.wikidexcdn.net/mwuploads/wikidex/thumb/7/77/latest/20161114210617/Necrozma.png/200px-Necrozma.png","Necrozma"
"umbreon","Umbreon","Umbreon","Siniestro",,"95","65","110","60","130","65","https://images.wikidexcdn.net/mwuploads/wikidex/thumb/3/33/latest/20251020085001/Tipo_normal_LPZA.png/75px-Tipo_normal_LPZA.png","Umbreon"
"unfezant","Unfezant","Unfezant","Normal","Volador","80","115","80","65","55","93","https://images.wikidexcdn.net/mwuploads/wikidex/thumb/9/97/latest/20251020084919/Tipo_fuego_LPZA.png/80px-Tipo_fuego_LPZA.png","Unfezant"
"unown","Unown","Unown","Psíquico",,"48","72","48","72","48","48","https://images.wikidexcdn.net/mwuploads/wikidex/a/a4/latest/20221208205336/Tipo_normal_SL.png","Unown"
"ursaluna","Ursaluna","Ursaluna","Tierra","Normal","130","140","105","45","80","50","https://images.wikidexcdn.net/mwuploads/wikidex/thumb/4/4c/latest/20251020084900/Tipo_roca_LPZA.png/80px-Tipo_roca_LPZA.png","Ursaluna"
"ursaluna-luna-carmesi","Ursaluna luna carmesí","Ursaluna","Tierra","Normal","113","70","120","135","65","52","https://images.wikidexcdn.net/mwuploads/wikidex/thumb/f/f7/latest/20220216071825/Ursaluna.png/200px-Ursaluna.png","Ursaluna"
"ursaring","Ursaring","Ursaring","Normal",,"90","130","75","75","75","55","https://images.wikidexcdn.net/mwuploads/wikidex/thumb/3/33/latest/20251020085001/Tipo_normal_LPZA.png/80px-Tipo_normal_LPZA.png","Ursaring"
"urshifu","Urshifu","Urshifu","Lucha","Siniestro","100","130","100","63","60","97","https://images.wikidexcdn.net/mwuploads/wikidex/4/4b/latest/20260306153545/Octava_generaci%C3%B3n.svg","Urshifu"
"uxie","Uxie","Uxie","Psíquico",,"75","75","130","75","130","95","https://images.wikidexcdn.net/mwuploads/wikidex/thumb/3/33/latest/20251020085001/Tipo_normal_LPZA.png/80px-Tipo_normal_LPZA.png","Uxie"
"vanillish","Vanillish","Vanillish","Hielo",,"51","65","65","80","75","59","https://images.wikidexcdn.net/mwuploads/wikidex/9/9f/latest/20260306180702/Quinta_generaci%C3%B3n.svg","Vanillish"
"vanillite","Vanillite","Vanillite","Hielo",,"36","50","50","65","60","44","https://images.wikidexcdn.net/mwuploads/wikidex/9/9f/latest/20260306180702/Quinta_generaci%C3%B3n.svg","Vanillite"
"vanilluxe","Vanilluxe","Vanilluxe","Hielo",,"71","95","85","110","95","79","https://images.wikidexcdn.net/mwuploads/wikidex/thumb/3/33/latest/20251020085001/Tipo_normal_LPZA.png/75px-Tipo_normal_LPZA.png","Vanilluxe"
"vaporeon","Vaporeon","Vaporeon","Agua",,"130","65","60","110","95","65","https://images.wikidexcdn.net/mwuploads/wikidex/thumb/3/33/latest/20251020085001/Tipo_normal_LPZA.png/75px-Tipo_normal_LPZA.png","Vaporeon"
"variante-enorme","Variante enorme","Gourgeist","Fantasma","Planta","85","100","122","58","75","54","https://images.wikidexcdn.net/mwuploads/wikidex/thumb/e/e4/latest/20190425220720/Gourgeist.png/200px-Gourgeist.png","Gourgeist"
"variante-enorme-1","Variante Enorme","Pumpkaboo","Fantasma","Planta","59","66","70","44","55","41","https://images.wikidexcdn.net/mwuploads/wikidex/thumb/4/4a/latest/20190425220828/Pumpkaboo.png/200px-Pumpkaboo.png","Pumpkaboo"
"variante-grande","Variante grande","Gourgeist","Fantasma","Planta","75","95","122","58","75","69","https://images.wikidexcdn.net/mwuploads/wikidex/thumb/e/e4/latest/20190425220720/Gourgeist.png/200px-Gourgeist.png","Gourgeist"
"variante-grande-1","Variante Grande","Pumpkaboo","Fantasma","Planta","54","66","70","44","55","46","https://images.wikidexcdn.net/mwuploads/wikidex/thumb/4/4a/latest/20190425220828/Pumpkaboo.png/200px-Pumpkaboo.png","Pumpkaboo"
"variante-mediana","Variante mediana","Gourgeist","Fantasma","Planta","65","90","122","58","75","84","https://images.wikidexcdn.net/mwuploads/wikidex/thumb/3/33/latest/20251020085001/Tipo_normal_LPZA.png/75px-Tipo_normal_LPZA.png","Gourgeist"
"variante-mediana-1","Variante Mediana","Pumpkaboo","Fantasma","Planta","49","66","70","44","55","51","https://images.wikidexcdn.net/mwuploads/wikidex/9/9e/latest/20260306153505/Sexta_generaci%C3%B3n.svg","Pumpkaboo"
"variante-pequena","Variante pequeña","Gourgeist","Fantasma","Planta","55","85","122","58","75","99","https://images.wikidexcdn.net/mwuploads/wikidex/thumb/3/33/latest/20251020085001/Tipo_normal_LPZA.png/75px-Tipo_normal_LPZA.png","Gourgeist"
"variante-pequena-1","Variante Pequeña","Pumpkaboo","Fantasma","Planta","44","66","70","44","55","56","https://images.wikidexcdn.net/mwuploads/wikidex/9/9e/latest/20260306153505/Sexta_generaci%C3%B3n.svg","Pumpkaboo"
"varoom","Varoom","Varoom","Acero","Veneno","45","70","63","30","45","47","https://images.wikidexcdn.net/mwuploads/wikidex/8/8c/latest/20260306153605/Novena_generaci%C3%B3n.svg","Varoom"
"veluza","Veluza","Veluza","Agua","Psíquico","90","102","73","78","65","70","https://images.wikidexcdn.net/mwuploads/wikidex/8/8c/latest/20260306153605/Novena_generaci%C3%B3n.svg","Veluza"
"venipede","Venipede","Venipede","Bicho","Veneno","30","45","59","30","39","57","https://images.wikidexcdn.net/mwuploads/wikidex/9/9f/latest/20260306180702/Quinta_generaci%C3%B3n.svg","Venipede"
"venomoth","Venomoth","Venomoth","Bicho","Veneno","70","65","60","90","75","90","https://images.wikidexcdn.net/mwuploads/wikidex/thumb/3/33/latest/20251020085001/Tipo_normal_LPZA.png/80px-Tipo_normal_LPZA.png","Venomoth"
"venonat","Venonat","Venonat","Bicho","Veneno","60","55","50","40","55","45","https://images.wikidexcdn.net/mwuploads/wikidex/3/38/latest/20260306153303/Segunda_generaci%C3%B3n.svg","Venonat"
"venusaur","Venusaur","Venusaur","Planta","Veneno","80","82","83","100","100","80","https://images.wikidexcdn.net/mwuploads/wikidex/thumb/3/33/latest/20251020085001/Tipo_normal_LPZA.png/75px-Tipo_normal_LPZA.png","Venusaur"
"vespiquen","Vespiquen","Vespiquen","Bicho","Volador","70","80","102","80","102","40","https://images.wikidexcdn.net/mwuploads/wikidex/thumb/3/33/latest/20251020085001/Tipo_normal_LPZA.png/80px-Tipo_normal_LPZA.png","Vespiquen"
"vibrava","Vibrava","Vibrava","Tierra","Dragón","50","70","50","50","50","70","https://images.wikidexcdn.net/mwuploads/wikidex/thumb/4/4c/latest/20251020084900/Tipo_roca_LPZA.png/80px-Tipo_roca_LPZA.png","Vibrava"
"victini","Victini","Victini","Psíquico","Fuego","100","100","100","100","100","100","https://images.wikidexcdn.net/mwuploads/wikidex/thumb/c/c6/latest/20251020084932/Tipo_el%C3%A9ctrico_LPZA.png/80px-Tipo_el%C3%A9ctrico_LPZA.png","Victini"
"victreebel","Victreebel","Victreebel","Planta","Veneno","80","105","65","100","70","70","https://images.wikidexcdn.net/mwuploads/wikidex/thumb/3/33/latest/20251020085001/Tipo_normal_LPZA.png/75px-Tipo_normal_LPZA.png","Victreebel"
"vigoroth","Vigoroth","Vigoroth","Normal",,"80","80","80","55","55","90","https://images.wikidexcdn.net/mwuploads/wikidex/thumb/2/2e/latest/20251020124236/Tipo_pelea_LPZA.png/80px-Tipo_pelea_LPZA.png","Vigoroth"
"vikavolt","Vikavolt","Vikavolt","Bicho","Eléctrico","77","70","90","145","75","43","https://images.wikidexcdn.net/mwuploads/wikidex/a/a6/latest/20260306153527/S%C3%A9ptima_generaci%C3%B3n.svg","Vikavolt"
"vileplume","Vileplume","Vileplume","Planta","Veneno","75","80","85","110","90","50","https://images.wikidexcdn.net/mwuploads/wikidex/thumb/3/33/latest/20251020085001/Tipo_normal_LPZA.png/75px-Tipo_normal_LPZA.png","Vileplume"
"virizion","Virizion","Virizion","Planta","Lucha","91","90","72","90","129","108","https://images.wikidexcdn.net/mwuploads/wikidex/9/9f/latest/20260306180702/Quinta_generaci%C3%B3n.svg","Virizion"
"vivillon","Vivillon","Vivillon","Bicho","Volador","80","52","50","90","50","89","https://images.wikidexcdn.net/mwuploads/wikidex/thumb/3/33/latest/20251020085001/Tipo_normal_LPZA.png/75px-Tipo_normal_LPZA.png","Vivillon"
"volbeat","Volbeat","Volbeat","Bicho",,"65","73","75","47","85","85","https://images.wikidexcdn.net/mwuploads/wikidex/4/4a/latest/20260306153335/Tercera_generaci%C3%B3n.svg","Volbeat"
"volcanion","Volcanion","Volcanion","Fuego","Agua","80","110","120","130","90","70","https://images.wikidexcdn.net/mwuploads/wikidex/9/9e/latest/20260306153505/Sexta_generaci%C3%B3n.svg","Volcanion"
"volcarona","Volcarona","Volcarona","Bicho","Fuego","85","60","65","135","105","100","https://images.wikidexcdn.net/mwuploads/wikidex/thumb/3/33/latest/20251020085001/Tipo_normal_LPZA.png/75px-Tipo_normal_LPZA.png","Volcarona"
"voltorb","Voltorb","Voltorb","Eléctrico",,"40","30","50","55","55","100","https://images.wikidexcdn.net/mwuploads/wikidex/thumb/3/33/latest/20251020085001/Tipo_normal_LPZA.png/80px-Tipo_normal_LPZA.png","Voltorb"
"voltorb-de-hisui","Voltorb de Hisui","Voltorb","Eléctrico",,"40","30","50","55","55","100","https://images.wikidexcdn.net/mwuploads/wikidex/7/70/latest/20260318173154/X4.svg","Voltorb_de_Hisui"
"vullaby","Vullaby","Vullaby","Siniestro","Volador","70","55","75","45","65","60","https://images.wikidexcdn.net/mwuploads/wikidex/9/9f/latest/20260306180702/Quinta_generaci%C3%B3n.svg","Vullaby"
"vulpix","Vulpix","Vulpix","Fuego",,"38","41","40","50","65","65","https://images.wikidexcdn.net/mwuploads/wikidex/thumb/3/33/latest/20251020085001/Tipo_normal_LPZA.png/80px-Tipo_normal_LPZA.png","Vulpix"
"vulpix-de-alola","Vulpix de Alola","Vulpix","Hielo",,"38","41","40","50","65","65","https://images.wikidexcdn.net/mwuploads/wikidex/a/a6/latest/20260306153527/S%C3%A9ptima_generaci%C3%B3n.svg","Vulpix_de_Alola"
"wailmer","Wailmer","Wailmer","Agua",,"130","70","35","70","35","60","https://images.wikidexcdn.net/mwuploads/wikidex/thumb/3/33/latest/20251020085001/Tipo_normal_LPZA.png/80px-Tipo_normal_LPZA.png","Wailmer"
"wailord","Wailord","Wailord","Agua",,"170","90","45","90","45","60","https://images.wikidexcdn.net/mwuploads/wikidex/thumb/3/33/latest/20251020085001/Tipo_normal_LPZA.png/80px-Tipo_normal_LPZA.png","Wailord"
"walrein","Walrein","Walrein","Hielo","Agua","110","80","90","95","90","65","https://images.wikidexcdn.net/mwuploads/wikidex/thumb/9/97/latest/20251020084923/Tipo_agua_LPZA.png/80px-Tipo_agua_LPZA.png","Walrein"
"wartortle","Wartortle","Wartortle","Agua",,"59","63","80","65","80","58","https://images.wikidexcdn.net/mwuploads/wikidex/3/38/latest/20260306153303/Segunda_generaci%C3%B3n.svg","Wartortle"
"watchog","Watchog","Watchog","Normal",,"60","85","69","60","69","77","https://images.wikidexcdn.net/mwuploads/wikidex/thumb/3/33/latest/20251020085001/Tipo_normal_LPZA.png/75px-Tipo_normal_LPZA.png","Watchog"
"wattrel","Wattrel","Wattrel","Eléctrico","Volador","40","40","35","55","40","70","https://images.wikidexcdn.net/mwuploads/wikidex/8/8c/latest/20260306153605/Novena_generaci%C3%B3n.svg","Wattrel"
"weavile","Weavile","Weavile","Siniestro","Hielo","70","120","65","45","85","125","https://images.wikidexcdn.net/mwuploads/wikidex/thumb/3/33/latest/20251020085001/Tipo_normal_LPZA.png/75px-Tipo_normal_LPZA.png","Weavile"
"weedle","Weedle","Weedle","Bicho","Veneno","40","35","30","20","20","50","https://images.wikidexcdn.net/mwuploads/wikidex/5/5a/latest/20260306180611/Cuarta_generaci%C3%B3n.svg","Weedle"
"weepinbell","Weepinbell","Weepinbell","Planta","Veneno","65","90","50","85","45","55","https://images.wikidexcdn.net/mwuploads/wikidex/thumb/3/33/latest/20251020085001/Tipo_normal_LPZA.png/80px-Tipo_normal_LPZA.png","Weepinbell"
"weezing","Weezing","Weezing","Veneno",,"65","90","120","85","70","60","https://images.wikidexcdn.net/mwuploads/wikidex/3/38/latest/20260306153303/Segunda_generaci%C3%B3n.svg","Weezing"
"weezing-de-galar","Weezing de Galar","Weezing","Veneno","Hada","65","90","120","85","70","60","https://images.wikidexcdn.net/mwuploads/wikidex/4/4b/latest/20260306153545/Octava_generaci%C3%B3n.svg","Weezing_de_Galar"
"whimsicott","Whimsicott","Whimsicott","Planta","Hada","60","67","85","77","75","116","https://images.wikidexcdn.net/mwuploads/wikidex/thumb/3/33/latest/20251020085001/Tipo_normal_LPZA.png/75px-Tipo_normal_LPZA.png","Whimsicott"
"whirlipede","Whirlipede","Whirlipede","Bicho","Veneno","40","55","99","40","79","47","https://images.wikidexcdn.net/mwuploads/wikidex/thumb/7/71/latest/20251020124243/Tipo_insecto_LPZA.png/80px-Tipo_insecto_LPZA.png","Whirlipede"
"whiscash","Whiscash","Whiscash","Agua","Tierra","110","78","73","76","71","60","https://images.wikidexcdn.net/mwuploads/wikidex/thumb/9/97/latest/20251020084923/Tipo_agua_LPZA.png/80px-Tipo_agua_LPZA.png","Whiscash"
"whismur","Whismur","Whismur","Normal",,"64","51","23","51","23","28","https://images.wikidexcdn.net/mwuploads/wikidex/4/4a/latest/20260306153335/Tercera_generaci%C3%B3n.svg","Whismur"
"wigglytuff","Wigglytuff","Wigglytuff","Normal","Hada","140","70","45","85","50","45","https://images.wikidexcdn.net/mwuploads/wikidex/3/38/latest/20260306153303/Segunda_generaci%C3%B3n.svg","Wigglytuff"
"wiglett","Wiglett","Wiglett","Agua",,"10","55","25","35","25","95","https://images.wikidexcdn.net/mwuploads/wikidex/8/8c/latest/20260306153605/Novena_generaci%C3%B3n.svg","Wiglett"
"wimpod","Wimpod","Wimpod","Bicho","Agua","25","35","40","20","30","80","https://images.wikidexcdn.net/mwuploads/wikidex/a/a6/latest/20260306153527/S%C3%A9ptima_generaci%C3%B3n.svg","Wimpod"
"wingull","Wingull","Wingull","Agua","Volador","40","30","30","55","30","85","https://images.wikidexcdn.net/mwuploads/wikidex/thumb/c/c6/latest/20251020084932/Tipo_el%C3%A9ctrico_LPZA.png/80px-Tipo_el%C3%A9ctrico_LPZA.png","Wingull"
"wo-chien","Wo-Chien","Wo-Chien","Siniestro","Planta","85","85","100","95","135","70","https://images.wikidexcdn.net/mwuploads/wikidex/thumb/9/99/latest/20221208180705/Tipo_normal_EP.png/90px-Tipo_normal_EP.png","Wo-Chien"
"wobbuffet","Wobbuffet","Wobbuffet","Psíquico",,"190","33","58","33","58","33","https://images.wikidexcdn.net/mwuploads/wikidex/thumb/d/df/latest/20251020084956/Tipo_hada_LPZA.png/80px-Tipo_hada_LPZA.png","Wobbuffet"
"woobat","Woobat","Woobat","Psíquico","Volador","65","45","43","55","43","72","https://images.wikidexcdn.net/mwuploads/wikidex/9/9f/latest/20260306180702/Quinta_generaci%C3%B3n.svg","Woobat"
"wooloo","Wooloo","Wooloo","Normal",,"42","40","55","40","45","48","https://images.wikidexcdn.net/mwuploads/wikidex/4/4b/latest/20260306153545/Octava_generaci%C3%B3n.svg","Wooloo"
"wooper","Wooper","Wooper","Agua","Tierra","55","45","45","25","25","15","https://images.wikidexcdn.net/mwuploads/wikidex/thumb/3/33/latest/20251020085001/Tipo_normal_LPZA.png/80px-Tipo_normal_LPZA.png","Wooper"
"wooper-de-paldea","Wooper de Paldea","Wooper","Veneno","Tierra","55","45","45","25","25","15","https://images.wikidexcdn.net/mwuploads/wikidex/8/8c/latest/20260306153605/Novena_generaci%C3%B3n.svg","Wooper_de_Paldea"
"wugtrio","Wugtrio","Wugtrio","Agua",,"35","100","50","50","70","120","https://images.wikidexcdn.net/mwuploads/wikidex/thumb/9/99/latest/20221208180705/Tipo_normal_EP.png/90px-Tipo_normal_EP.png","Wugtrio"
"wurmple","Wurmple","Wurmple","Bicho",,"45","45","35","20","30","20","https://images.wikidexcdn.net/mwuploads/wikidex/thumb/3/33/latest/20251020085001/Tipo_normal_LPZA.png/80px-Tipo_normal_LPZA.png","Wurmple"
"wynaut","Wynaut","Wynaut","Psíquico",,"95","23","48","23","48","23","https://images.wikidexcdn.net/mwuploads/wikidex/thumb/3/33/latest/20251020085001/Tipo_normal_LPZA.png/80px-Tipo_normal_LPZA.png","Wynaut"
"wyrdeer","Wyrdeer","Wyrdeer","Normal","Psíquico","103","105","72","105","75","65","https://images.wikidexcdn.net/mwuploads/wikidex/thumb/3/33/latest/20251020085001/Tipo_normal_LPZA.png/75px-Tipo_normal_LPZA.png","Wyrdeer"
"xatu","Xatu","Xatu","Psíquico","Volador","65","75","70","95","70","95","https://images.wikidexcdn.net/mwuploads/wikidex/thumb/b/ba/latest/20251020084937/Tipo_ps%C3%ADquico_LPZA.png/80px-Tipo_ps%C3%ADquico_LPZA.png","Xatu"
"xerneas","Xerneas","Xerneas","Hada",,"126","131","95","131","98","99","https://images.wikidexcdn.net/mwuploads/wikidex/9/9e/latest/20260306153505/Sexta_generaci%C3%B3n.svg","Xerneas"
"xurkitree","Xurkitree","Xurkitree","Eléctrico",,"83","89","71","173","71","83","https://images.wikidexcdn.net/mwuploads/wikidex/a/a6/latest/20260306153527/S%C3%A9ptima_generaci%C3%B3n.svg","Xurkitree"
"yamask","Yamask","Yamask","Fantasma",,"38","30","85","55","65","30","https://images.wikidexcdn.net/mwuploads/wikidex/9/9f/latest/20260306180702/Quinta_generaci%C3%B3n.svg","Yamask"
"yamask-de-galar","Yamask de Galar","Yamask","Tierra","Fantasma","38","55","85","30","65","30","https://images.wikidexcdn.net/mwuploads/wikidex/4/4b/latest/20260306153545/Octava_generaci%C3%B3n.svg","Yamask_de_Galar"
"yamper","Yamper","Yamper","Eléctrico",,"59","45","50","40","50","26","https://images.wikidexcdn.net/mwuploads/wikidex/4/4b/latest/20260306153545/Octava_generaci%C3%B3n.svg","Yamper"
"yanma","Yanma","Yanma","Bicho","Volador","65","65","45","75","45","95","https://images.wikidexcdn.net/mwuploads/wikidex/thumb/3/33/latest/20251020085001/Tipo_normal_LPZA.png/80px-Tipo_normal_LPZA.png","Yanma"
"yanmega","Yanmega","Yanmega","Bicho","Volador","86","76","86","116","56","95","https://images.wikidexcdn.net/mwuploads/wikidex/thumb/3/33/latest/20251020085001/Tipo_normal_LPZA.png/80px-Tipo_normal_LPZA.png","Yanmega"
"yungoos","Yungoos","Yungoos","Normal",,"48","70","30","30","30","45","https://images.wikidexcdn.net/mwuploads/wikidex/a/a6/latest/20260306153527/S%C3%A9ptima_generaci%C3%B3n.svg","Yungoos"
"yveltal","Yveltal","Yveltal","Siniestro","Volador","126","131","95","131","98","99","https://images.wikidexcdn.net/mwuploads/wikidex/9/9e/latest/20260306153505/Sexta_generaci%C3%B3n.svg","Yveltal"
"zacian espada suprema","zacian espada suprema","Zacian","Hada",,"92","150","115","80","115","148","https://images.wikidexcdn.net/mwuploads/wikidex/thumb/a/a7/latest/20220313073150/Zacian.png/200px-Zacian.png","Zacian"
"zacian-guerrero-avezado-1","Zacian guerrero avezado","Zacian","Hada",,"92","120","115","80","115","138","https://images.wikidexcdn.net/mwuploads/wikidex/thumb/a/a7/latest/20220313073150/Zacian.png/200px-Zacian.png","Zacian"
"Zamazenta escudo supremo","Zamazenta escudo supremo","Zamazenta","Lucha",,"92","120","140","80","140","128","https://images.wikidexcdn.net/mwuploads/wikidex/thumb/b/bd/latest/20220313073155/Zamazenta.png/200px-Zamazenta.png","Zamazenta"
"Zamazenta guerrero avezado","Zamazenta guerrero avezado","Zamazenta","Lucha",,"92","120","115","80","115","138","https://images.wikidexcdn.net/mwuploads/wikidex/thumb/4/46/latest/20251020084914/Tipo_acero_LPZA.png/80px-Tipo_acero_LPZA.png","Zamazenta"
"zangoose","Zangoose","Zangoose","Normal",,"73","115","60","60","60","90","https://images.wikidexcdn.net/mwuploads/wikidex/4/4a/latest/20260306153335/Tercera_generaci%C3%B3n.svg","Zangoose"
"zapdos","Zapdos","Zapdos","Eléctrico","Volador","90","90","85","125","90","100","https://images.wikidexcdn.net/mwuploads/wikidex/thumb/b/ba/latest/20251020084937/Tipo_ps%C3%ADquico_LPZA.png/80px-Tipo_ps%C3%ADquico_LPZA.png","Zapdos"
"zapdos-de-galar","Zapdos de Galar","Zapdos","Lucha","Volador","90","125","90","85","90","100","https://images.wikidexcdn.net/mwuploads/wikidex/4/4b/latest/20260306153545/Octava_generaci%C3%B3n.svg","Zapdos_de_Galar"
"zarude","Zarude","Zarude","Siniestro","Planta","105","120","105","70","95","105","https://images.wikidexcdn.net/mwuploads/wikidex/4/4b/latest/20260306153545/Octava_generaci%C3%B3n.svg","Zarude"
"zebstrika","Zebstrika","Zebstrika","Eléctrico",,"75","100","63","80","63","116","https://images.wikidexcdn.net/mwuploads/wikidex/thumb/c/cc/latest/20251020084843/Tipo_volador_LPZA.png/80px-Tipo_volador_LPZA.png","Zebstrika"
"zekrom","Zekrom","Zekrom","Dragón","Eléctrico","100","150","120","120","100","90","https://images.wikidexcdn.net/mwuploads/wikidex/9/9f/latest/20260306180702/Quinta_generaci%C3%B3n.svg","Zekrom"
"zeraora","Zeraora","Zeraora","Eléctrico",,"88","112","75","102","80","143","https://images.wikidexcdn.net/mwuploads/wikidex/a/a6/latest/20260306153527/S%C3%A9ptima_generaci%C3%B3n.svg","Zeraora"
"Mega-Zeraora","Mega-Zeraora","Zeraora","Eléctrico",,"88","157","75","147","80","153","https://images.wikidexcdn.net/mwuploads/wikidex/a/a6/latest/20260306153527/S%C3%A9ptima_generaci%C3%B3n.svg","Zeraora"
"zigzagoon","Zigzagoon","Zigzagoon","Normal",,"38","30","41","30","41","60","https://images.wikidexcdn.net/mwuploads/wikidex/thumb/3/33/latest/20251020085001/Tipo_normal_LPZA.png/80px-Tipo_normal_LPZA.png","Zigzagoon"
"zigzagoon-de-galar","Zigzagoon de Galar","Zigzagoon","Siniestro","Normal","38","30","41","30","41","60","https://images.wikidexcdn.net/mwuploads/wikidex/4/4b/latest/20260306153545/Octava_generaci%C3%B3n.svg","Zigzagoon_de_Galar"
"zoroark","Zoroark","Zoroark","Siniestro",,"60","105","60","120","60","105","https://images.wikidexcdn.net/mwuploads/wikidex/thumb/3/33/latest/20251020085001/Tipo_normal_LPZA.png/75px-Tipo_normal_LPZA.png","Zoroark"
"zoroark-de-hisui","Zoroark de Hisui","Zoroark","Normal",,"55","100","60","125","60","110","https://images.wikidexcdn.net/mwuploads/wikidex/thumb/3/33/latest/20251020085001/Tipo_normal_LPZA.png/75px-Tipo_normal_LPZA.png","Zoroark_de_Hisui"
"zorua","Zorua","Zorua","Siniestro",,"40","65","40","80","40","65","https://images.wikidexcdn.net/mwuploads/wikidex/9/9f/latest/20260306180702/Quinta_generaci%C3%B3n.svg","Zorua"
"zorua-de-hisui","Zorua de Hisui","Zorua","Normal",,"35","60","40","85","40","70","https://images.wikidexcdn.net/mwuploads/wikidex/8/8c/latest/20260306153605/Novena_generaci%C3%B3n.svg","Zorua_de_Hisui"
"zubat","Zubat","Zubat","Veneno","Volador","40","45","35","30","40","55","https://images.wikidexcdn.net/mwuploads/wikidex/thumb/b/ba/latest/20251020084937/Tipo_ps%C3%ADquico_LPZA.png/80px-Tipo_ps%C3%ADquico_LPZA.png","Zubat"
"zweilous","Zweilous","Zweilous","Siniestro","Dragón","72","85","70","65","70","58","https://images.wikidexcdn.net/mwuploads/wikidex/9/9f/latest/20260306180702/Quinta_generaci%C3%B3n.svg","Zweilous"
"zygarde-forma-10","Zygarde forma 10%","Zygarde","Dragón","Tierra","54","100","71","61","85","115","https://images.wikidexcdn.net/mwuploads/wikidex/thumb/3/3b/latest/20251020084947/Tipo_drag%C3%B3n_LPZA.png/80px-Tipo_drag%C3%B3n_LPZA.png","Zygarde"
"zygarde-forma-50","Zygarde forma 50%","Zygarde","Dragón","Tierra","108","100","121","81","95","95","https://images.wikidexcdn.net/mwuploads/wikidex/thumb/3/3b/latest/20251020084947/Tipo_drag%C3%B3n_LPZA.png/80px-Tipo_drag%C3%B3n_LPZA.png","Zygarde"
"zygarde-forma-completa","Zygarde forma completa","Zygarde","Dragón","Tierra","216","100","121","91","95","85","https://images.wikidexcdn.net/mwuploads/wikidex/thumb/8/87/latest/20160701145405/Zygarde_al_50%25.png/200px-Zygarde_al_50%25.png","Zygarde"
